Taxon id;Global sorteringsordning;Vetenskapligt namn;Auktor;Svenskt namn;Taxonstatus;Taxonkategori;Svensk förekomst;Svensk invandringshistoria;Rike;Fylum;Klass;Ordning;Familj;Släkte;Småart;Art;Andra identifierare;Andra vetenskapliga namn;Andra svenska namn;Andra namn;Webbadress
4000107;56110;Mammalia;Linnaeus, 1758;däggdjur;Accepterat;Klass;;;Animalia;Chordata;;;;;;;GUID: urn:lsid:marinespecies.org:taxname:1837, Id för taxonid.org: 0b647a;;;;https://dyntaxa.se/taxon/4000107
6034823;56111;Marsupialia;Illiger, 1811;pungdjur;Accepterat;Infraklass;;;Animalia;Chordata;Mammalia;;;;;;;metatheria;;;https://dyntaxa.se/taxon/6034823
6011587;56112;Diprotodontia;Owen, 1866;fåframtandade pungdjur;Accepterat;Ordning;;;Animalia;Chordata;Mammalia;;;;;;GUID: urn:lsid:faunaeur.org:taxname:12615, Id för taxonid.org: 0f610a;;;;https://dyntaxa.se/taxon/6011587
6011588;56113;Phalangeridae;Thomas, 1888;klätterpungdjur;Accepterat;Familj;;;Animalia;Chordata;Mammalia;Diprotodontia;;;;;Id för taxonid.org: 0c9989;;;;https://dyntaxa.se/taxon/6011588
6011589;56114;Trichosurus;Lesson, 1828;;Accepterat;Släkte;;;Animalia;Chordata;Mammalia;Diprotodontia;Phalangeridae;;;;Id för taxonid.org: aea328;;pungrävar;;https://dyntaxa.se/taxon/6011589
6011590;56115;Trichosurus vulpecula;(Kerr, 1792);rävkusu;Accepterat;Art;Ej påträffad;;Animalia;Chordata;Mammalia;Diprotodontia;Phalangeridae;Trichosurus;;;Id för taxonid.org: f9e271;didelphis vulpecula;pungräv;;https://dyntaxa.se/taxon/6011590
6034824;56116;Placentalia;Owen, 1837;högre däggdjur;Accepterat;Infraklass;;;Animalia;Chordata;Mammalia;;;;;;;eutheria;;;https://dyntaxa.se/taxon/6034824
6034827;56117;Boreoeutheria;Springer & de Jong, 2001;;Accepterat;Ranglös;;;Animalia;Chordata;Mammalia;;;;;;;;;;https://dyntaxa.se/taxon/6034827
6034821;56118;Euarchontoglires;Murphy & al., 2001;;Accepterat;Överordning;;;Animalia;Chordata;Mammalia;;;;;;;euarchontoglires;;;https://dyntaxa.se/taxon/6034821
3000301;56119;Lagomorpha;Brandt, 1855;hardjur;Accepterat;Ordning;;;Animalia;Chordata;Mammalia;;;;;;GUID: urn:lsid:faunaeur.org:taxname:12657, Id för taxonid.org: 013d91;;;;https://dyntaxa.se/taxon/3000301
2002148;56120;Leporidae;Fischer von Waldheim, 1817;harar och kaniner;Accepterat;Familj;;;Animalia;Chordata;Mammalia;Lagomorpha;;;;;GUID: urn:lsid:faunaeur.org:taxname:12659, Id för taxonid.org: 090941;;;;https://dyntaxa.se/taxon/2002148
1001627;56121;Lepus;Linnaeus, 1758;;Accepterat;Släkte;;;Animalia;Chordata;Mammalia;Lagomorpha;Leporidae;;;;GUID: urn:lsid:faunaeur.org:taxname:213654, Id för taxonid.org: 2cd5f9;;;;https://dyntaxa.se/taxon/1001627
264345;56122;Lepus (Eulagos);Gray, 1867;;Accepterat;Undersläkte;;;Animalia;Chordata;Mammalia;Lagomorpha;Leporidae;Lepus;;;Id för taxonid.org: 0db18f;eulagos;;;https://dyntaxa.se/taxon/264345
206003;56123;Lepus europaeus;Pallas, 1778;fälthare;Accepterat;Art;Bofast och reproducerande;Aktivt införd efter år 1800;Animalia;Chordata;Mammalia;Lagomorpha;Leporidae;Lepus;;;GUID: urn:lsid:faunaeur.org:taxname:305525, Id för taxonid.org: 444af7;;tyskhare;;https://dyntaxa.se/taxon/206003
264344;56124;Lepus (Lepus);Linnaeus, 1758;;Accepterat;Undersläkte;;;Animalia;Chordata;Mammalia;Lagomorpha;Leporidae;Lepus;;;GUID: urn:lsid:faunaeur.org:taxname:213654, Id för taxonid.org: d48773;lepus;;;https://dyntaxa.se/taxon/264344
206004;56125;Lepus timidus;Linnaeus, 1758;skogshare;Accepterat;Art;Bofast och reproducerande;Spontan;Animalia;Chordata;Mammalia;Lagomorpha;Leporidae;Lepus;;;GUID: urn:lsid:faunaeur.org:taxname:305530, Id för taxonid.org: 315499;lepus variabilis;svenskhare, fjällhare, nordhare, föränderlig hare;;https://dyntaxa.se/taxon/206004
6331697;56126;Lepus timidus sylvaticus;Nilsson, 1831;mohare;Accepterat;Underart;Bofast och reproducerande;Spontan;Animalia;Chordata;Mammalia;Lagomorpha;Leporidae;Lepus;;Lepus timidus;;;;;https://dyntaxa.se/taxon/6331697
264346;56127;Lepus timidus timidus;Linnaeus, 1758;;Accepterat;Underart;Bofast och reproducerande;Spontan;Animalia;Chordata;Mammalia;Lagomorpha;Leporidae;Lepus;;Lepus timidus;GUID: urn:lsid:faunaeur.org:taxname:305531, Id för taxonid.org: 84c046;;;;https://dyntaxa.se/taxon/264346
6050991;56128;Lepus europaeus x timidus;;fälthare x skogshare;Accepterat;Hybrid;Bofast och reproducerande;Aktivt införd efter år 1800;Animalia;Chordata;Mammalia;Lagomorpha;Leporidae;Lepus;;;;lepus timidus x europaeus;skogshare x fälthare;;https://dyntaxa.se/taxon/6050991
1001628;56129;Oryctolagus;Lilljeborg, 1874;;Accepterat;Släkte;;;Animalia;Chordata;Mammalia;Lagomorpha;Leporidae;;;;GUID: urn:lsid:faunaeur.org:taxname:305537, Id för taxonid.org: 3bcb06;lepus (oryctolagus), oryctolagus, oryctolagus;;;https://dyntaxa.se/taxon/1001628
206005;56130;Oryctolagus cuniculus;(Linnaeus, 1758);vildkanin;Accepterat;Art;Bofast och reproducerande;Aktivt införd, men ej bofast, före år 1800;Animalia;Chordata;Mammalia;Lagomorpha;Leporidae;Oryctolagus;;;GUID: urn:lsid:faunaeur.org:taxname:305538, Id för taxonid.org: f44911;lepus cuniculus;;;https://dyntaxa.se/taxon/206005
233619;56131;Oryctolagus cuniculus (domestic form);(Linnaeus, 1758);tamkanin;Accepterat;Morfotyp;Bofast och reproducerande;Aktivt införd, men ej bofast, före år 1800;Animalia;Chordata;Mammalia;Lagomorpha;Leporidae;Oryctolagus;;;GUID: urn:lsid:faunaeur.org:taxname:305538;oryctolagus cuniculus;;;https://dyntaxa.se/taxon/233619
3000302;56132;Primates;Linnaeus, 1758;primater;Accepterat;Ordning;;;Animalia;Chordata;Mammalia;;;;;;GUID: urn:lsid:faunaeur.org:taxname:12630, Id för taxonid.org: 201b4f;;;;https://dyntaxa.se/taxon/3000302
2002149;56133;Hominoidea;Gray, 1825;människoartade primater;Accepterat;Överfamilj;;;Animalia;Chordata;Mammalia;Primates;;;;;Id för taxonid.org: dc7fea;;människoartade apor, fruktapor;;https://dyntaxa.se/taxon/2002149
2002150;56134;Hominidae;Gray, 1825;hominider;Accepterat;Familj;;;Animalia;Chordata;Mammalia;Primates;;;;;Id för taxonid.org: 692b7c;;hominder (inkl. människa);;https://dyntaxa.se/taxon/2002150
1009408;56135;Homo;Linnaeus, 1758;äkta människor;Accepterat;Släkte;;;Animalia;Chordata;Mammalia;Primates;Hominidae;;;;Id för taxonid.org: 9bf933;;;;https://dyntaxa.se/taxon/1009408
233629;56136;Homo sapiens;Linnaeus, 1758;människa;Accepterat;Art;Bofast och reproducerande;Spontan;Animalia;Chordata;Mammalia;Primates;Hominidae;Homo;;;Id för taxonid.org: 0e9166;;;;https://dyntaxa.se/taxon/233629
3000300;56137;Rodentia;Bowdich, 1821;gnagare;Accepterat;Ordning;;;Animalia;Chordata;Mammalia;;;;;;GUID: urn:lsid:faunaeur.org:taxname:12648, Id för taxonid.org: 30c906;;;;https://dyntaxa.se/taxon/3000300
2003804;56138;Hystricomorpha;Brandt, 1855;;Accepterat;Underordning;;;Animalia;Chordata;Mammalia;Rodentia;;;;;Id för taxonid.org: e17abd;;piggsvinsartade gnagare;;https://dyntaxa.se/taxon/2003804
6037419;56139;Echimyidae;Gray, 1825;lansråttor;Accepterat;Familj;;;Animalia;Chordata;Mammalia;Rodentia;;;;;Id för taxonid.org: cc48ce;;;;https://dyntaxa.se/taxon/6037419
6037420;56140;Echimyinae;Gray, 1825;;Accepterat;Underfamilj;;;Animalia;Chordata;Mammalia;Rodentia;Echimyidae;;;;Id för taxonid.org: e4c8ae;;;;https://dyntaxa.se/taxon/6037420
2003805;56141;Myocastorini;Ameghino, 1904;;Accepterat;Tribus;;;Animalia;Chordata;Mammalia;Rodentia;Echimyidae;;;;GUID: urn:lsid:faunaeur.org:taxname:12656, Id för taxonid.org: ae4fcd;myocastorinae, myocastoridae;;;https://dyntaxa.se/taxon/2003805
1015253;56142;Myocastor;Kerr, 1792;;Accepterat;Släkte;;;Animalia;Chordata;Mammalia;Rodentia;Echimyidae;;;;GUID: urn:lsid:faunaeur.org:taxname:305555, Id för taxonid.org: eec3b3;;;;https://dyntaxa.se/taxon/1015253
257770;56143;Myocastor coypus;(Molina, 1782);sumpbäver;Accepterat;Art;Tillfällig, ej reproducerande;Aktivt införd efter år 1800;Animalia;Chordata;Mammalia;Rodentia;Echimyidae;Myocastor;;;GUID: urn:lsid:faunaeur.org:taxname:305556, Id för taxonid.org: a83c4c;mus coypus, myocastor coypus;nutria;;https://dyntaxa.se/taxon/257770
6034849;56144;Castorimorpha;Wood, 1955;;Accepterat;Underordning;;;Animalia;Chordata;Mammalia;Rodentia;;;;;Id för taxonid.org: 06a6af;;;;https://dyntaxa.se/taxon/6034849
2002143;56145;Castoridae;Hemprich, 1820;bävrar;Accepterat;Familj;;;Animalia;Chordata;Mammalia;Rodentia;;;;;GUID: urn:lsid:faunaeur.org:taxname:12651, Id för taxonid.org: 5ff700;;;;https://dyntaxa.se/taxon/2002143
1001630;56146;Castor;Linnaeus, 1758;;Accepterat;Släkte;;;Animalia;Chordata;Mammalia;Rodentia;Castoridae;;;;GUID: urn:lsid:faunaeur.org:taxname:213643, Id för taxonid.org: 2372d5;;;;https://dyntaxa.se/taxon/1001630
102607;56147;Castor fiber;Linnaeus, 1758;bäver;Accepterat;Art;Bofast och reproducerande;Återinförd;Animalia;Chordata;Mammalia;Rodentia;Castoridae;Castor;;;GUID: urn:lsid:faunaeur.org:taxname:305558, Id för taxonid.org: 548fea;;eurasiatisk bäver;;https://dyntaxa.se/taxon/102607
6007508;56148;Castor canadensis;Kuhl, 1820;nordamerikansk bäver;Accepterat;Art;Ej påträffad;;Animalia;Chordata;Mammalia;Rodentia;Castoridae;Castor;;;GUID: urn:lsid:faunaeur.org:taxname:305557, Id för taxonid.org: fc5061;;amerikansk bäver;;https://dyntaxa.se/taxon/6007508
2002144;56149;Myomorpha;Brandt, 1855;råttartade gnagare;Accepterat;Underordning;;;Animalia;Chordata;Mammalia;Rodentia;;;;;Id för taxonid.org: 8bf2fc;;;;https://dyntaxa.se/taxon/2002144
6034809;56150;Muroidea;Illiger, 1811;;Accepterat;Överfamilj;;;Animalia;Chordata;Mammalia;Rodentia;;;;;Id för taxonid.org: 3cbe6c;;;;https://dyntaxa.se/taxon/6034809
6034810;56151;Cricetidae;Fischer, 1817;sorkartade gnagare;Accepterat;Familj;;;Animalia;Chordata;Mammalia;Rodentia;;;;;Id för taxonid.org: 5389db;;;;https://dyntaxa.se/taxon/6034810
1001615;56152;Arvicolinae;Gray, 1821;;Accepterat;Underfamilj;;;Animalia;Chordata;Mammalia;Rodentia;Cricetidae;;;;Id för taxonid.org: 71f156;microtinae;;;https://dyntaxa.se/taxon/1001615
6034814;56153;Arvicolini;Gray, 1825;;Accepterat;Tribus;;;Animalia;Chordata;Mammalia;Rodentia;Cricetidae;;;;;;;;https://dyntaxa.se/taxon/6034814
6034816;56154;Alexandromys;Ognev, 1914;;Accepterat;Släkte;;;Animalia;Chordata;Mammalia;Rodentia;Cricetidae;;;;;;;;https://dyntaxa.se/taxon/6034816
206016;56155;Alexandromys oeconomus;(Pallas, 1776);mellansork;Accepterat;Art;Bofast och reproducerande;Spontan;Animalia;Chordata;Mammalia;Rodentia;Cricetidae;Alexandromys;;;GUID: urn:lsid:faunaeur.org:taxname:305663, Id för taxonid.org: e78a6d;mus oeconomus, microtus oeconomus;;;https://dyntaxa.se/taxon/206016
1001638;56156;Arvicola;Lacépède, 1799;;Accepterat;Släkte;;;Animalia;Chordata;Mammalia;Rodentia;Cricetidae;;;;GUID: urn:lsid:faunaeur.org:taxname:305589, Id för taxonid.org: 79a809;;;;https://dyntaxa.se/taxon/1001638
206020;56157;Arvicola amphibius;(Linnaeus, 1758);vattensork;Accepterat;Art;Bofast och reproducerande;Spontan;Animalia;Chordata;Mammalia;Rodentia;Cricetidae;Arvicola;;;GUID: urn:lsid:faunaeur.org:taxname:305593, Id för taxonid.org: ae4615;mus amphibius, arvicola terrestris, mus terrestris;;;https://dyntaxa.se/taxon/206020
1001636;56158;Microtus;Schrank, 1798;;Accepterat;Släkte;;;Animalia;Chordata;Mammalia;Rodentia;Cricetidae;;;;GUID: urn:lsid:faunaeur.org:taxname:305620, Id för taxonid.org: aac8bb;;;;https://dyntaxa.se/taxon/1001636
6052346;56159;Microtus arvalis;(Pallas, 1778);fältsork;Accepterat;Art;Ej påträffad;;Animalia;Chordata;Mammalia;Rodentia;Cricetidae;Microtus;;;;;;;https://dyntaxa.se/taxon/6052346
206015;56160;Microtus agrestis;(Linnaeus, 1761);åkersork;Accepterat;Art;Bofast och reproducerande;Spontan;Animalia;Chordata;Mammalia;Rodentia;Cricetidae;Microtus;;;GUID: urn:lsid:faunaeur.org:taxname:305640, Id för taxonid.org: 483f9a;mus agrestis;;;https://dyntaxa.se/taxon/206015
6034813;56161;Lemmini;Gray, 1825;;Accepterat;Tribus;;;Animalia;Chordata;Mammalia;Rodentia;Cricetidae;;;;;;;;https://dyntaxa.se/taxon/6034813
1001639;56162;Lemmus;Link, 1795;;Accepterat;Släkte;;;Animalia;Chordata;Mammalia;Rodentia;Cricetidae;;;;GUID: urn:lsid:faunaeur.org:taxname:305626, Id för taxonid.org: c60874;;;;https://dyntaxa.se/taxon/1001639
206021;56163;Lemmus lemmus;(Linnaeus, 1758);fjällämmel;Accepterat;Art;Bofast och reproducerande;Spontan;Animalia;Chordata;Mammalia;Rodentia;Cricetidae;Lemmus;;;GUID: urn:lsid:faunaeur.org:taxname:305627, Id för taxonid.org: ce2b9e;mus lemmus;;;https://dyntaxa.se/taxon/206021
1001640;56164;Myopus;Link, 1795;;Accepterat;Släkte;;;Animalia;Chordata;Mammalia;Rodentia;Cricetidae;;;;GUID: urn:lsid:faunaeur.org:taxname:305690, Id för taxonid.org: 4aa627;;;;https://dyntaxa.se/taxon/1001640
206022;56165;Myopus schisticolor;(Liljeborg, 1844);skogslämmel;Accepterat;Art;Bofast och reproducerande;Spontan;Animalia;Chordata;Mammalia;Rodentia;Cricetidae;Myopus;;;GUID: urn:lsid:faunaeur.org:taxname:305691, Id för taxonid.org: 0d6d53;myodes schisticolor;;;https://dyntaxa.se/taxon/206022
6034812;56166;Myodini;Kretzoi, 1969;;Accepterat;Tribus;;;Animalia;Chordata;Mammalia;Rodentia;Cricetidae;;;;;;;;https://dyntaxa.se/taxon/6034812
6034817;56167;Craseomys;G.S.Miller, 1900;;Accepterat;Släkte;;;Animalia;Chordata;Mammalia;Rodentia;Cricetidae;;;;;;;;https://dyntaxa.se/taxon/6034817
206019;56168;Craseomys rufocanus;(Sundevall, 1846);gråsiding;Accepterat;Art;Bofast och reproducerande;Spontan;Animalia;Chordata;Mammalia;Rodentia;Cricetidae;Craseomys;;;GUID: urn:lsid:faunaeur.org:taxname:305608;clethrionomys rufocanus, hypudaeus rufocanus;;;https://dyntaxa.se/taxon/206019
1001637;56169;Myodes;Pallas, 1811;;Accepterat;Släkte;;;Animalia;Chordata;Mammalia;Rodentia;Cricetidae;;;;GUID: urn:lsid:faunaeur.org:taxname:305606, Id för taxonid.org: 13028f;clethrionomys;;;https://dyntaxa.se/taxon/1001637
206017;56170;Myodes glareolus;(Schreber, 1780);skogssork;Accepterat;Art;Bofast och reproducerande;Spontan;Animalia;Chordata;Mammalia;Rodentia;Cricetidae;Myodes;;;GUID: urn:lsid:faunaeur.org:taxname:305607, Id för taxonid.org: 15000d;mus glareolus, clethrionomys glareolus;ängssork;;https://dyntaxa.se/taxon/206017
206018;56171;Myodes rutilus;(Pallas, 1779);rödsork;Accepterat;Art;Bofast och reproducerande;Spontan;Animalia;Chordata;Mammalia;Rodentia;Cricetidae;Myodes;;;GUID: urn:lsid:faunaeur.org:taxname:305609, Id för taxonid.org: 74cce2;clethrionomys rutilus, mus rutilus;;;https://dyntaxa.se/taxon/206018
6034815;56172;Ondatrini;Gray, 1825;;Accepterat;Tribus;;;Animalia;Chordata;Mammalia;Rodentia;Cricetidae;;;;;;;;https://dyntaxa.se/taxon/6034815
1008257;56173;Ondatra;Link, 1795;;Accepterat;Släkte;;;Animalia;Chordata;Mammalia;Rodentia;Cricetidae;;;;GUID: urn:lsid:faunaeur.org:taxname:305696, Id för taxonid.org: b6ba26;;;;https://dyntaxa.se/taxon/1008257
232133;56174;Ondatra zibethicus;(Linnaeus, 1766);bisam;Accepterat;Art;Bofast och reproducerande;Sekundärt inkommen;Animalia;Chordata;Mammalia;Rodentia;Cricetidae;Ondatra;;;GUID: urn:lsid:faunaeur.org:taxname:305697, Id för taxonid.org: 78c968;castor zibethicus;bisamråtta;;https://dyntaxa.se/taxon/232133
2002145;56175;Muridae;Illiger, 1811;råttdjur;Accepterat;Familj;;;Animalia;Chordata;Mammalia;Rodentia;;;;;GUID: urn:lsid:faunaeur.org:taxname:12653, Id för taxonid.org: 9ff8c1;;;;https://dyntaxa.se/taxon/2002145
1001614;56176;Murinae;Illiger, 1811;;Accepterat;Underfamilj;;;Animalia;Chordata;Mammalia;Rodentia;Muridae;;;;Id för taxonid.org: 79c3a3;;;;https://dyntaxa.se/taxon/1001614
1001633;56177;Apodemus;Kaup, 1829;;Accepterat;Släkte;;;Animalia;Chordata;Mammalia;Rodentia;Muridae;;;;GUID: urn:lsid:faunaeur.org:taxname:305579, Id för taxonid.org: 9af6c1;;;;https://dyntaxa.se/taxon/1001633
6008456;56178;Apodemus agrarius;(Pallas, 1771);brandmus;Accepterat;Art;Tillfällig, ej reproducerande;Passivt införd efter år 1800;Animalia;Chordata;Mammalia;Rodentia;Muridae;Apodemus;;;GUID: urn:lsid:faunaeur.org:taxname:305580, Id för taxonid.org: b00ad8;mus agrarius;;Engelskt: striped field mouse;https://dyntaxa.se/taxon/6008456
206011;56179;Apodemus flavicollis;(Melchior, 1834);större skogsmus;Accepterat;Art;Bofast och reproducerande;Spontan;Animalia;Chordata;Mammalia;Rodentia;Muridae;Apodemus;;;GUID: urn:lsid:faunaeur.org:taxname:305583, Id för taxonid.org: 783ae0;mus flavicollis;halsbandsmus;;https://dyntaxa.se/taxon/206011
206012;56180;Apodemus sylvaticus;(Linnaeus, 1758);mindre skogsmus;Accepterat;Art;Bofast och reproducerande;Spontan;Animalia;Chordata;Mammalia;Rodentia;Muridae;Apodemus;;;GUID: urn:lsid:faunaeur.org:taxname:305586, Id för taxonid.org: ae1f09;mus sylvaticus;;;https://dyntaxa.se/taxon/206012
1001635;56181;Micromys;Dehne, 1841;;Accepterat;Släkte;;;Animalia;Chordata;Mammalia;Rodentia;Muridae;;;;GUID: urn:lsid:faunaeur.org:taxname:305636, Id för taxonid.org: 3a6157;;;;https://dyntaxa.se/taxon/1001635
100080;56182;Micromys minutus;(Pallas, 1771);dvärgmus;Accepterat;Art;Bofast och reproducerande;Passivt införd efter år 1800;Animalia;Chordata;Mammalia;Rodentia;Muridae;Micromys;;;GUID: urn:lsid:faunaeur.org:taxname:305637, Id för taxonid.org: e8bdd5;mus minutus;;;https://dyntaxa.se/taxon/100080
1001634;56183;Mus;Linnaeus, 1758;;Accepterat;Släkte;;;Animalia;Chordata;Mammalia;Rodentia;Muridae;;;;GUID: urn:lsid:faunaeur.org:taxname:213692, Id för taxonid.org: 1626f1;;;;https://dyntaxa.se/taxon/1001634
206013;56184;Mus musculus;Linnaeus, 1758;husmus;Accepterat;Art;Bofast och reproducerande;Passivt införd och bofast före år 1800;Animalia;Chordata;Mammalia;Rodentia;Muridae;Mus;;;GUID: urn:lsid:faunaeur.org:taxname:305687, Id för taxonid.org: 9e5994;;;;https://dyntaxa.se/taxon/206013
1001632;56185;Rattus;Fischer, 1803;;Accepterat;Släkte;;;Animalia;Chordata;Mammalia;Rodentia;Muridae;;;;GUID: urn:lsid:faunaeur.org:taxname:305698, Id för taxonid.org: 913124;;;;https://dyntaxa.se/taxon/1001632
206009;56186;Rattus norvegicus;(Berkenhout, 1769);brunråtta;Accepterat;Art;Bofast och reproducerande;Passivt införd och bofast före år 1800;Animalia;Chordata;Mammalia;Rodentia;Muridae;Rattus;;;GUID: urn:lsid:faunaeur.org:taxname:305699, Id för taxonid.org: e15a5b;mus norvegicus;vandrarråtta, brun råtta;;https://dyntaxa.se/taxon/206009
100121;56187;Rattus rattus;(Linnaeus, 1758);svartråtta;Accepterat;Art;Tillfällig, tidigare bofast;Passivt införd och bofast före år 1800;Animalia;Chordata;Mammalia;Rodentia;Muridae;Rattus;;;GUID: urn:lsid:faunaeur.org:taxname:305700, Id för taxonid.org: aec545;mus rattus;svart råtta, hanråtta, takråtta;;https://dyntaxa.se/taxon/100121
6034811;56188;Dipodoidea;Fischer de Waldheim, 1817;;Accepterat;Överfamilj;;;Animalia;Chordata;Mammalia;Rodentia;;;;;Id för taxonid.org: 405a04;;;;https://dyntaxa.se/taxon/6034811
2002881;56189;Dipodidae;Fischer de Waldheim, 1817;hoppmöss;Accepterat;Familj;;;Animalia;Chordata;Mammalia;Rodentia;;;;;GUID: urn:lsid:faunaeur.org:taxname:12652, Id för taxonid.org: 1a0809;;;;https://dyntaxa.se/taxon/2002881
6037422;56190;Sminthidae;Brandt, 1855;björkmöss;Accepterat;Familj;;;Animalia;Chordata;Mammalia;Rodentia;;;;;;;;;https://dyntaxa.se/taxon/6037422
1001641;56191;Sicista;Gray, 1827;;Accepterat;Släkte;;;Animalia;Chordata;Mammalia;Rodentia;Sminthidae;;;;GUID: urn:lsid:faunaeur.org:taxname:305566, Id för taxonid.org: 5e0101;;;;https://dyntaxa.se/taxon/1001641
100130;56192;Sicista betulina;(Pallas, 1779);buskmus;Accepterat;Art;Bofast och reproducerande;Spontan;Animalia;Chordata;Mammalia;Rodentia;Sminthidae;Sicista;;;GUID: urn:lsid:faunaeur.org:taxname:305567, Id för taxonid.org: d081f1;mus betulina, mus betulinus;björkmus;;https://dyntaxa.se/taxon/100130
2002147;56193;Zapodidae;;hoppmöss;Ej accepterat;Familj;;;Animalia;Chordata;Mammalia;Rodentia;;;;;;;;;https://dyntaxa.se/taxon/2002147
2002141;56194;Sciuromorpha;Brandt, 1855;ekorrartade gnagare;Accepterat;Underordning;;;Animalia;Chordata;Mammalia;Rodentia;;;;;Id för taxonid.org: b639bb;;;;https://dyntaxa.se/taxon/2002141
2002142;56195;Sciuridae;Fischer de Waldheim, 1817;ekorrar;Accepterat;Familj;;;Animalia;Chordata;Mammalia;Rodentia;;;;;GUID: urn:lsid:faunaeur.org:taxname:12650, Id för taxonid.org: 008933;;;;https://dyntaxa.se/taxon/2002142
6007811;56196;Callosciurinae;Pocock, 1923;;Accepterat;Underfamilj;;;Animalia;Chordata;Mammalia;Rodentia;Sciuridae;;;;Id för taxonid.org: 198c77;;;;https://dyntaxa.se/taxon/6007811
6007812;56197;Callosciurus;Gray, 1867;;Accepterat;Släkte;;;Animalia;Chordata;Mammalia;Rodentia;Sciuridae;;;;GUID: urn:lsid:faunaeur.org:taxname:305723, Id för taxonid.org: 5c15c7;;;;https://dyntaxa.se/taxon/6007812
6007813;56198;Callosciurus erythraeus;(Pallas, 1779);rödmagad trädekorre;Accepterat;Art;Ej påträffad;;Animalia;Chordata;Mammalia;Rodentia;Sciuridae;Callosciurus;;;GUID: urn:lsid:faunaeur.org:taxname:305724, Id för taxonid.org: 028aab;sciurus erythraeus;rödmagad ekorre, pallasekorre;Engelskt: red-bellied tree squirrel,pallas's squirrel;https://dyntaxa.se/taxon/6007813
6322292;56199;Callosciurus finlaysonii;(Horsfield, 1823);mantelekorre;Accepterat;Art;Ej påträffad;;Animalia;Chordata;Mammalia;Rodentia;Sciuridae;Callosciurus;;;;sciurus finlaysonii;;;https://dyntaxa.se/taxon/6322292
6007810;56200;Sciurinae;Fischer de Waldheim, 1817;;Accepterat;Underfamilj;;;Animalia;Chordata;Mammalia;Rodentia;Sciuridae;;;;Id för taxonid.org: 04e85a;;;;https://dyntaxa.se/taxon/6007810
1001629;56201;Sciurus;Linnaeus, 1758;;Accepterat;Släkte;;;Animalia;Chordata;Mammalia;Rodentia;Sciuridae;;;;GUID: urn:lsid:faunaeur.org:taxname:305714, Id för taxonid.org: c9fc2f;;;;https://dyntaxa.se/taxon/1001629
6007829;56202;Sciurus carolinensis;Gmelin, 1788;östlig gråekorre;Accepterat;Art;Ej påträffad;;Animalia;Chordata;Mammalia;Rodentia;Sciuridae;Sciurus;;;GUID: urn:lsid:faunaeur.org:taxname:305736, Id för taxonid.org: 4c9a2e;sciurus carolinensis s.str.;gråekorre, grå ekorre;Engelskt: eastern gray squirrel;https://dyntaxa.se/taxon/6007829
6007831;56203;Sciurus niger;Linnaeus, 1758;östlig rävekorre;Accepterat;Art;Ej påträffad;;Animalia;Chordata;Mammalia;Rodentia;Sciuridae;Sciurus;;;Id för taxonid.org: 39ed2d;;;;https://dyntaxa.se/taxon/6007831
102606;56204;Sciurus vulgaris;Linnaeus, 1758;ekorre;Accepterat;Art;Bofast och reproducerande;Spontan;Animalia;Chordata;Mammalia;Rodentia;Sciuridae;Sciurus;;;GUID: urn:lsid:faunaeur.org:taxname:305737, Id för taxonid.org: 0f6f5d;;rödekorre;;https://dyntaxa.se/taxon/102606
6007833;56205;Xerinae;Osborn, 1910;;Accepterat;Underfamilj;;;Animalia;Chordata;Mammalia;Rodentia;Sciuridae;;;;Id för taxonid.org: 72e8a9;;;;https://dyntaxa.se/taxon/6007833
6011591;56206;Cynomys;Rafinesque, 1817;;Accepterat;Släkte;;;Animalia;Chordata;Mammalia;Rodentia;Sciuridae;;;;Id för taxonid.org: 04858c;;präriehundar;;https://dyntaxa.se/taxon/6011591
6011592;56207;Cynomys ludovicianus;(Ord, 1815);svartsvansad präriehund;Accepterat;Art;Ej påträffad;;Animalia;Chordata;Mammalia;Rodentia;Sciuridae;Cynomys;;;Id för taxonid.org: 13de26;arctomys ludoviciana;;;https://dyntaxa.se/taxon/6011592
6037423;56208;Eutamias;Trouessart, 1880;;Accepterat;Släkte;;;Animalia;Chordata;Mammalia;Rodentia;Sciuridae;;;;;;;;https://dyntaxa.se/taxon/6037423
6007835;56209;Eutamias sibiricus;(Laxmann, 1769);sibirisk jordekorre;Accepterat;Art;Tillfällig, ej reproducerande;Aktivt införd efter år 1800;Animalia;Chordata;Mammalia;Rodentia;Sciuridae;Eutamias;;;GUID: urn:lsid:faunaeur.org:taxname:305745, Id för taxonid.org: 1e3d5f;sciurus sibiricus, tamias sibiricus;burunduk;Engelskt: siberian chipmunk;https://dyntaxa.se/taxon/6007835
6007834;56210;Tamias;Illiger, 1811;;Accepterat;Släkte;;;Animalia;Chordata;Mammalia;Rodentia;Sciuridae;;;;GUID: urn:lsid:faunaeur.org:taxname:305744, Id för taxonid.org: 9e580d;;;;https://dyntaxa.se/taxon/6007834
2002146;56211;Gliridae;Muirhead, 1819;sovmöss;Accepterat;Familj;;;Animalia;Chordata;Mammalia;Rodentia;;;;;GUID: urn:lsid:faunaeur.org:taxname:12654, Id för taxonid.org: b15259;myoxidae;;;https://dyntaxa.se/taxon/2002146
6011570;56212;Eliomys;Wagner, 1840;;Accepterat;Släkte;;;Animalia;Chordata;Mammalia;Rodentia;Gliridae;;;;GUID: urn:lsid:faunaeur.org:taxname:305712, Id för taxonid.org: ba36eb;;;;https://dyntaxa.se/taxon/6011570
6011571;56213;Eliomys quercinus;(Linnaeus, 1766);trädgårdssovare;Accepterat;Art;Ej påträffad;;Animalia;Chordata;Mammalia;Rodentia;Gliridae;Eliomys;;;GUID: urn:lsid:faunaeur.org:taxname:305713, Id för taxonid.org: ca5e95;mus quercinus;;;https://dyntaxa.se/taxon/6011571
6011580;56214;Glis;Brisson, 1762;;Accepterat;Släkte;;;Animalia;Chordata;Mammalia;Rodentia;Gliridae;;;;GUID: urn:lsid:faunaeur.org:taxname:305707, Id för taxonid.org: 63791b;myoxus;;;https://dyntaxa.se/taxon/6011580
6011581;56215;Glis glis;(Linnaeus, 1766);sjusovare;Accepterat;Art;Ej påträffad;;Animalia;Chordata;Mammalia;Rodentia;Gliridae;Glis;;;GUID: urn:lsid:faunaeur.org:taxname:305715, Id för taxonid.org: 1180c0;sciurus glis;;;https://dyntaxa.se/taxon/6011581
1001631;56216;Muscardinus;Kaup, 1829;;Accepterat;Släkte;;;Animalia;Chordata;Mammalia;Rodentia;Gliridae;;;;GUID: urn:lsid:faunaeur.org:taxname:305716, Id för taxonid.org: 46965e;;;;https://dyntaxa.se/taxon/1001631
100084;56217;Muscardinus avellanarius;(Linnaeus, 1758);hasselmus;Accepterat;Art;Bofast och reproducerande;Spontan;Animalia;Chordata;Mammalia;Rodentia;Gliridae;Muscardinus;;;GUID: urn:lsid:faunaeur.org:taxname:305717, Id för taxonid.org: 8ed033;;;;https://dyntaxa.se/taxon/100084
6034822;56218;Laurasiatheria;Waddell & al., 1999;;Accepterat;Överordning;;;Animalia;Chordata;Mammalia;;;;;;;laurasiatheria;;;https://dyntaxa.se/taxon/6034822
3000305;56219;Artiodactyla;Owen, 1848;partåiga hovdjur;Accepterat;Ordning;;;Animalia;Chordata;Mammalia;;;;;;GUID: urn:lsid:faunaeur.org:taxname:12644, Id för taxonid.org: 5653c6;cetartiodactyla;;;https://dyntaxa.se/taxon/3000305
6326258;56220;Whippomorpha;P.J.Waddell & al., 1999;;Accepterat;Underordning;;;Animalia;Chordata;Mammalia;Artiodactyla;;;;;;cetancodonta;;;https://dyntaxa.se/taxon/6326258
3000304;56221;Cetacea;Brisson, 1762;valar;Accepterat;Infraordning;;;Animalia;Chordata;Mammalia;Artiodactyla;;;;;GUID: urn:lsid:marinespecies.org:taxname:2688, Id för taxonid.org: f4f388;;;;https://dyntaxa.se/taxon/3000304
2002160;56222;Odontoceti;Flower, 1867;tandvalar;Accepterat;Ranglös;;;Animalia;Chordata;Mammalia;Artiodactyla;;;;;GUID: urn:lsid:marinespecies.org:taxname:148723, Id för taxonid.org: df0b63;;;;https://dyntaxa.se/taxon/2002160
2002161;56223;Delphinidae;J.E.Gray, 1821;delfiner;Accepterat;Familj;;;Animalia;Chordata;Mammalia;Artiodactyla;;;;;GUID: urn:lsid:marinespecies.org:taxname:136980, Id för taxonid.org: 56dc02;delphinidae;;;https://dyntaxa.se/taxon/2002161
1008667;56224;Steno;Gray, 1846;;Accepterat;Släkte;;;Animalia;Chordata;Mammalia;Artiodactyla;Delphinidae;;;;GUID: urn:lsid:marinespecies.org:taxname:137025, Id för taxonid.org: 6fd98a;;;;https://dyntaxa.se/taxon/1008667
233144;56225;Steno bredanensis;(G. Cuvier, in Lesson, 1828);näbbdelfin;Accepterat;Art;Ej påträffad;Spontan;Animalia;Chordata;Mammalia;Artiodactyla;Delphinidae;Steno;;;GUID: urn:lsid:marinespecies.org:taxname:137110, Id för taxonid.org: f94892;;;;https://dyntaxa.se/taxon/233144
1008668;56226;Stenella;Gray, 1866;;Accepterat;Släkte;;;Animalia;Chordata;Mammalia;Artiodactyla;Delphinidae;;;;GUID: urn:lsid:indexfungorum.org:names:10082, Id för taxonid.org: faa06e;;;;https://dyntaxa.se/taxon/1008668
233145;56227;Stenella coeruleoalba;(Meyen, 1833);strimmig delfin;Accepterat;Art;Tillfällig, ej reproducerande;Spontan;Animalia;Chordata;Mammalia;Artiodactyla;Delphinidae;Stenella;;;GUID: urn:lsid:marinespecies.org:taxname:137107, Id för taxonid.org: abf6d8;;;;https://dyntaxa.se/taxon/233145
1008669;56228;Delphinus;Linnaeus, 1758;;Accepterat;Släkte;;;Animalia;Chordata;Mammalia;Artiodactyla;Delphinidae;;;;GUID: urn:lsid:marinespecies.org:taxname:137015, Id för taxonid.org: 1ca67e;;;;https://dyntaxa.se/taxon/1008669
233146;56229;Delphinus delphis;Linnaeus, 1758;sadeldelfin;Accepterat;Art;Tillfällig, ej reproducerande;Spontan;Animalia;Chordata;Mammalia;Artiodactyla;Delphinidae;Delphinus;;;GUID: urn:lsid:marinespecies.org:taxname:137094, Id för taxonid.org: 451fef;;vanlig delfin, springare, delfin;;https://dyntaxa.se/taxon/233146
1008670;56230;Tursiops;Gervais, 1855;;Accepterat;Släkte;;;Animalia;Chordata;Mammalia;Artiodactyla;Delphinidae;;;;GUID: urn:lsid:marinespecies.org:taxname:137026, Id för taxonid.org: bfb588;;;;https://dyntaxa.se/taxon/1008670
233147;56231;Tursiops truncatus;(Montagu, 1821);öresvin;Accepterat;Art;Tillfällig, ej reproducerande;Spontan;Animalia;Chordata;Mammalia;Artiodactyla;Delphinidae;Tursiops;;;GUID: urn:lsid:marinespecies.org:taxname:137111, Id för taxonid.org: 689450;delphinus truncatus;flasknosdelfin, atlantiskt öresvin, delfin;;https://dyntaxa.se/taxon/233147
1008671;56232;Lagenorhynchus;Gray, 1846;;Accepterat;Släkte;;;Animalia;Chordata;Mammalia;Artiodactyla;Delphinidae;;;;GUID: urn:lsid:marinespecies.org:taxname:137020, Id för taxonid.org: 0dfbe7;;;;https://dyntaxa.se/taxon/1008671
233148;56233;Lagenorhynchus albirostris;(Gray, 1846);vitnos;Accepterat;Art;Tillfälligt reproducerande;Spontan;Animalia;Chordata;Mammalia;Artiodactyla;Delphinidae;Lagenorhynchus;;;GUID: urn:lsid:marinespecies.org:taxname:137101, Id för taxonid.org: de03c4;;;;https://dyntaxa.se/taxon/233148
233149;56234;Lagenorhynchus acutus;(Gray, 1828);vitsiding;Accepterat;Art;Tillfällig, ej reproducerande;Spontan;Animalia;Chordata;Mammalia;Artiodactyla;Delphinidae;Lagenorhynchus;;;GUID: urn:lsid:marinespecies.org:taxname:137100, Id för taxonid.org: 5b0a1a;;;;https://dyntaxa.se/taxon/233149
1008672;56235;Pseudorca;Reinhardt, 1862;;Accepterat;Släkte;;;Animalia;Chordata;Mammalia;Artiodactyla;Delphinidae;;;;GUID: urn:lsid:marinespecies.org:taxname:137023, Id för taxonid.org: d743ef;;;;https://dyntaxa.se/taxon/1008672
233150;56236;Pseudorca crassidens;(Owen, 1846);halvspäckhuggare;Accepterat;Art;Tillfällig, ej reproducerande;Spontan;Animalia;Chordata;Mammalia;Artiodactyla;Delphinidae;Pseudorca;;;GUID: urn:lsid:marinespecies.org:taxname:137104, Id för taxonid.org: 6c9860;;;;https://dyntaxa.se/taxon/233150
1008673;56237;Orcinus;Fitzinger, 1860;;Accepterat;Släkte;;;Animalia;Chordata;Mammalia;Artiodactyla;Delphinidae;;;;GUID: urn:lsid:marinespecies.org:taxname:137021, Id för taxonid.org: c63386;;;;https://dyntaxa.se/taxon/1008673
233151;56238;Orcinus orca;(Linnaeus, 1758);späckhuggare;Accepterat;Art;Tillfällig, ej reproducerande;Spontan;Animalia;Chordata;Mammalia;Artiodactyla;Delphinidae;Orcinus;;;GUID: urn:lsid:marinespecies.org:taxname:137102, Id för taxonid.org: f338aa;;;;https://dyntaxa.se/taxon/233151
1008674;56239;Grampus;Gray, 1828;;Accepterat;Släkte;;;Animalia;Chordata;Mammalia;Artiodactyla;Delphinidae;;;;GUID: urn:lsid:marinespecies.org:taxname:137018, Id för taxonid.org: d8e3cf;;;;https://dyntaxa.se/taxon/1008674
233152;56240;Grampus griseus;(G. Cuvier, 1812);Rissos delfin;Accepterat;Art;Tillfällig, ej reproducerande;Spontan;Animalia;Chordata;Mammalia;Artiodactyla;Delphinidae;Grampus;;;GUID: urn:lsid:marinespecies.org:taxname:137098, Id för taxonid.org: e06ed0;;;;https://dyntaxa.se/taxon/233152
1008675;56241;Globicephala;Lesson, 1828;;Accepterat;Släkte;;;Animalia;Chordata;Mammalia;Artiodactyla;Delphinidae;;;;GUID: urn:lsid:marinespecies.org:taxname:137017, Id för taxonid.org: 5152b1;;;;https://dyntaxa.se/taxon/1008675
233153;56242;Globicephala melas;(Traill, 1809);grindval;Accepterat;Art;Tillfällig, ej reproducerande;Spontan;Animalia;Chordata;Mammalia;Artiodactyla;Delphinidae;Globicephala;;;GUID: urn:lsid:marinespecies.org:taxname:137097, Id för taxonid.org: 2c5f41;globicephala melaena;;;https://dyntaxa.se/taxon/233153
6037425;56243;Kogiidae;Gill, 1871;;Accepterat;Familj;;;Animalia;Chordata;Mammalia;Artiodactyla;;;;;GUID: urn:lsid:marinespecies.org:taxname:136982;;;;https://dyntaxa.se/taxon/6037425
1008680;56244;Kogia;Gray, 1846;;Accepterat;Släkte;;;Animalia;Chordata;Mammalia;Artiodactyla;Kogiidae;;;;GUID: urn:lsid:marinespecies.org:taxname:159024, Id för taxonid.org: 4ec34d;;;;https://dyntaxa.se/taxon/1008680
233159;56245;Kogia breviceps;(Blainville, 1838);dvärgkaskelot;Accepterat;Art;Ej påträffad;;Animalia;Chordata;Mammalia;Artiodactyla;Kogiidae;Kogia;;;GUID: urn:lsid:marinespecies.org:taxname:137113, Id för taxonid.org: 4746d3;;;;https://dyntaxa.se/taxon/233159
2002163;56246;Monodontidae;Gray, 1821;vitvalar;Accepterat;Familj;;;Animalia;Chordata;Mammalia;Artiodactyla;;;;;GUID: urn:lsid:marinespecies.org:taxname:136983, Id för taxonid.org: 75ce0e;;;;https://dyntaxa.se/taxon/2002163
1008678;56247;Delphinapterus;Lacépède, 1804;;Accepterat;Släkte;;;Animalia;Chordata;Mammalia;Artiodactyla;Monodontidae;;;;GUID: urn:lsid:marinespecies.org:taxname:137029, Id för taxonid.org: f14df6;;;;https://dyntaxa.se/taxon/1008678
233156;56248;Delphinapterus leucas;(Pallas, 1776);vitval;Accepterat;Art;Tillfällig, ej reproducerande;Spontan;Animalia;Chordata;Mammalia;Artiodactyla;Monodontidae;Delphinapterus;;;GUID: urn:lsid:marinespecies.org:taxname:137115, Id för taxonid.org: ae512e;;;;https://dyntaxa.se/taxon/233156
1008679;56249;Monodon;Linnaeus, 1758;;Accepterat;Släkte;;;Animalia;Chordata;Mammalia;Artiodactyla;Monodontidae;;;;GUID: urn:lsid:marinespecies.org:taxname:137030, Id för taxonid.org: 6a76ab;monodon;;;https://dyntaxa.se/taxon/1008679
233158;56250;Monodon monoceros;Linnaeus, 1758;narval;Accepterat;Art;Ej påträffad;;Animalia;Chordata;Mammalia;Artiodactyla;Monodontidae;Monodon;;;GUID: urn:lsid:marinespecies.org:taxname:137116, Id för taxonid.org: 6adaa8;monodon monoceros;;;https://dyntaxa.se/taxon/233158
2002162;56251;Phocoenidae;Gray, 1825;tumlare;Accepterat;Familj;;;Animalia;Chordata;Mammalia;Artiodactyla;;;;;GUID: urn:lsid:marinespecies.org:taxname:136984, Id för taxonid.org: 028ff0;;;;https://dyntaxa.se/taxon/2002162
1006631;56252;Phocoena;Cuvier, 1816;;Accepterat;Släkte;;;Animalia;Chordata;Mammalia;Artiodactyla;Phocoenidae;;;;GUID: urn:lsid:marinespecies.org:taxname:137031, Id för taxonid.org: 633ecb;;;;https://dyntaxa.se/taxon/1006631
100106;56253;Phocoena phocoena;(Linnaeus, 1758);tumlare;Accepterat;Art;Bofast och reproducerande;Spontan;Animalia;Chordata;Mammalia;Artiodactyla;Phocoenidae;Phocoena;;;GUID: urn:lsid:marinespecies.org:taxname:137117, Id för taxonid.org: 7905dc;phocoena phocoena;;;https://dyntaxa.se/taxon/100106
232475;56254;Phocoena phocoena (Baltic population);;tumlare (östersjöpopulationen);Accepterat;Population;Bofast och reproducerande;Spontan;Animalia;Chordata;Mammalia;Artiodactyla;Phocoenidae;Phocoena;;Phocoena phocoena;;phocoena phocoena (östersjö);;;https://dyntaxa.se/taxon/232475
2002164;56255;Physeteridae;Gray, 1821;kaskeloter;Accepterat;Familj;;;Animalia;Chordata;Mammalia;Artiodactyla;;;;;GUID: urn:lsid:marinespecies.org:taxname:136985, Id för taxonid.org: 100822;;;;https://dyntaxa.se/taxon/2002164
1008681;56256;Physeter;Linnaeus, 1758;;Accepterat;Släkte;;;Animalia;Chordata;Mammalia;Artiodactyla;Physeteridae;;;;GUID: urn:lsid:marinespecies.org:taxname:137032, Id för taxonid.org: 571fb5;physeter;;;https://dyntaxa.se/taxon/1008681
233160;56257;Physeter macrocephalus;Linnaeus, 1758;kaskelot;Accepterat;Art;Tillfällig, ej reproducerande;Spontan;Animalia;Chordata;Mammalia;Artiodactyla;Physeteridae;Physeter;;;GUID: urn:lsid:marinespecies.org:taxname:137118,urn:lsid:marinespecies.org:taxname:137119, Id för taxonid.org: 148912;physeter catodon;;;https://dyntaxa.se/taxon/233160
2002165;56258;Ziphiidae;Gray, 1865;näbbvalar;Accepterat;Familj;;;Animalia;Chordata;Mammalia;Artiodactyla;;;;;GUID: urn:lsid:marinespecies.org:taxname:136986, Id för taxonid.org: ea3524;;;;https://dyntaxa.se/taxon/2002165
1008682;56259;Mesoplodon;Gervais, 1850;;Accepterat;Släkte;;;Animalia;Chordata;Mammalia;Artiodactyla;Ziphiidae;;;;GUID: urn:lsid:marinespecies.org:taxname:137034, Id för taxonid.org: d57852;;;;https://dyntaxa.se/taxon/1008682
233161;56260;Mesoplodon bidens;(Sowerby, 1804);Sowerbys näbbval;Accepterat;Art;Tillfällig, ej reproducerande;Spontan;Animalia;Chordata;Mammalia;Artiodactyla;Ziphiidae;Mesoplodon;;;GUID: urn:lsid:marinespecies.org:taxname:137121, Id för taxonid.org: a48591;;;;https://dyntaxa.se/taxon/233161
233165;56261;Mesoplodon densirostris;(Blainville, 1817);Blainvilles näbbval;Accepterat;Art;Ej påträffad;;Animalia;Chordata;Mammalia;Artiodactyla;Ziphiidae;Mesoplodon;;;GUID: urn:lsid:marinespecies.org:taxname:137122, Id för taxonid.org: 990a9a;;;;https://dyntaxa.se/taxon/233165
233162;56262;Mesoplodon europaeus;(Gervais, 1855);Gervais näbbval;Accepterat;Art;Ej påträffad;;Animalia;Chordata;Mammalia;Artiodactyla;Ziphiidae;Mesoplodon;;;GUID: urn:lsid:marinespecies.org:taxname:137123, Id för taxonid.org: 3d3ce5;;;;https://dyntaxa.se/taxon/233162
233164;56263;Mesoplodon grayi;von Haast, 1876;Grays näbbval;Accepterat;Art;Ej påträffad;;Animalia;Chordata;Mammalia;Artiodactyla;Ziphiidae;Mesoplodon;;;GUID: urn:lsid:marinespecies.org:taxname:137124, Id för taxonid.org: df51f5;;;;https://dyntaxa.se/taxon/233164
233163;56264;Mesoplodon mirus;True, 1913;Trues näbbval;Accepterat;Art;Ej påträffad;;Animalia;Chordata;Mammalia;Artiodactyla;Ziphiidae;Mesoplodon;;;GUID: urn:lsid:marinespecies.org:taxname:137126, Id för taxonid.org: 6e5036;;;;https://dyntaxa.se/taxon/233163
1008683;56265;Ziphius;G. Cuvier, 1823;;Accepterat;Släkte;;;Animalia;Chordata;Mammalia;Artiodactyla;Ziphiidae;;;;GUID: urn:lsid:marinespecies.org:taxname:137035, Id för taxonid.org: 92b689;;;;https://dyntaxa.se/taxon/1008683
233166;56266;Ziphius cavirostris;G. Cuvier, 1823;småhuvudval;Accepterat;Art;Tillfällig, ej reproducerande;Spontan;Animalia;Chordata;Mammalia;Artiodactyla;Ziphiidae;Ziphius;;;GUID: urn:lsid:marinespecies.org:taxname:137127, Id för taxonid.org: f469af;;;;https://dyntaxa.se/taxon/233166
1008684;56267;Hyperoodon;Lacépède, 1804;;Accepterat;Släkte;;;Animalia;Chordata;Mammalia;Artiodactyla;Ziphiidae;;;;GUID: urn:lsid:marinespecies.org:taxname:137033, Id för taxonid.org: 45b4b4;;;;https://dyntaxa.se/taxon/1008684
233167;56268;Hyperoodon ampullatus;(Forster, 1770);nordlig näbbval;Accepterat;Art;Tillfällig, ej reproducerande;Spontan;Animalia;Chordata;Mammalia;Artiodactyla;Ziphiidae;Hyperoodon;;;GUID: urn:lsid:marinespecies.org:taxname:343899, Id för taxonid.org: c3b45b;balaena ampullata, hyperoodon rostratus, hyperoodon rostratus;näbbval, flasknosval, dögling;;https://dyntaxa.se/taxon/233167
2002166;56269;Mysticeti;Flower, 1864;bardvalar;Accepterat;Ranglös;;;Animalia;Chordata;Mammalia;Artiodactyla;;;;;GUID: urn:lsid:marinespecies.org:taxname:148724, Id för taxonid.org: 507fcc;;;;https://dyntaxa.se/taxon/2002166
2002167;56270;Balaenopteridae;Gray, 1864;fenvalar;Accepterat;Familj;;;Animalia;Chordata;Mammalia;Artiodactyla;;;;;GUID: urn:lsid:marinespecies.org:taxname:136979, Id för taxonid.org: 1725d3;;;;https://dyntaxa.se/taxon/2002167
1008685;56271;Balaenoptera;Lacépède, 1804;;Accepterat;Släkte;;;Animalia;Chordata;Mammalia;Artiodactyla;Balaenopteridae;;;;GUID: urn:lsid:marinespecies.org:taxname:137013, Id för taxonid.org: f5e2a8;;;;https://dyntaxa.se/taxon/1008685
233171;56272;Balaenoptera acutorostrata;Lacépède, 1804;vikval;Accepterat;Art;Tillfällig, ej reproducerande;Spontan;Animalia;Chordata;Mammalia;Artiodactyla;Balaenopteridae;Balaenoptera;;;GUID: urn:lsid:marinespecies.org:taxname:137087, Id för taxonid.org: 469b55;;;;https://dyntaxa.se/taxon/233171
233170;56273;Balaenoptera borealis;Lesson, 1828;sejval;Accepterat;Art;Ej påträffad;;Animalia;Chordata;Mammalia;Artiodactyla;Balaenopteridae;Balaenoptera;;;GUID: urn:lsid:marinespecies.org:taxname:137088, Id för taxonid.org: 9462fa;;;;https://dyntaxa.se/taxon/233170
233168;56274;Balaenoptera musculus;(Linnaeus, 1758);blåval;Accepterat;Art;Tillfällig, ej reproducerande;Spontan;Animalia;Chordata;Mammalia;Artiodactyla;Balaenopteridae;Balaenoptera;;;GUID: urn:lsid:marinespecies.org:taxname:137090, Id för taxonid.org: bb2fb6;;;;https://dyntaxa.se/taxon/233168
233175;56275;Balaenoptera musculus musculus;(Linnaeus, 1758);;Accepterat;Underart;Ej påträffad;;Animalia;Chordata;Mammalia;Artiodactyla;Balaenopteridae;Balaenoptera;;Balaenoptera musculus;GUID: urn:lsid:marinespecies.org:taxname:231436, Id för taxonid.org: ee4464;balaenoptera musculus ssp. musculus;blåval;;https://dyntaxa.se/taxon/233175
233169;56276;Balaenoptera physalus;(Linnaeus, 1758);sillval;Accepterat;Art;Tillfällig, ej reproducerande;Spontan;Animalia;Chordata;Mammalia;Artiodactyla;Balaenopteridae;Balaenoptera;;;GUID: urn:lsid:marinespecies.org:taxname:137091, Id för taxonid.org: 1c0c7d;;;;https://dyntaxa.se/taxon/233169
1008686;56277;Megaptera;Gray, 1846;;Accepterat;Släkte;;;Animalia;Chordata;Mammalia;Artiodactyla;Balaenopteridae;;;;GUID: urn:lsid:marinespecies.org:taxname:137014, Id för taxonid.org: d9cf0a;;;;https://dyntaxa.se/taxon/1008686
233172;56278;Megaptera novaeangliae;(Borowski, 1781);knölval;Accepterat;Art;Tillfällig, ej reproducerande;Spontan;Animalia;Chordata;Mammalia;Artiodactyla;Balaenopteridae;Megaptera;;;GUID: urn:lsid:marinespecies.org:taxname:137092, Id för taxonid.org: e559f5;;;;https://dyntaxa.se/taxon/233172
2002168;56279;Balaenidae;Gray, 1821;rätvalar;Accepterat;Familj;;;Animalia;Chordata;Mammalia;Artiodactyla;;;;;GUID: urn:lsid:marinespecies.org:taxname:136978, Id för taxonid.org: ef2abc;;;;https://dyntaxa.se/taxon/2002168
1008687;56280;Balaena;Linnaeus, 1758;;Accepterat;Släkte;;;Animalia;Chordata;Mammalia;Artiodactyla;Balaenidae;;;;GUID: urn:lsid:marinespecies.org:taxname:137012, Id för taxonid.org: d64115;;;;https://dyntaxa.se/taxon/1008687
233174;56281;Balaena mysticetus;Linnaeus, 1758;grönlandsval;Accepterat;Art;Ej påträffad;;Animalia;Chordata;Mammalia;Artiodactyla;Balaenidae;Balaena;;;GUID: urn:lsid:marinespecies.org:taxname:137086, Id för taxonid.org: 9f5d21;;;;https://dyntaxa.se/taxon/233174
6037427;56282;Eubalaena;Gray, 1864;;Accepterat;Släkte;;;Animalia;Chordata;Mammalia;Artiodactyla;Balaenidae;;;;GUID: urn:lsid:marinespecies.org:taxname:159022, Id för taxonid.org: 693a19;;;;https://dyntaxa.se/taxon/6037427
233173;56283;Eubalaena glacialis;(Müller, 1776);nordkapare;Accepterat;Art;Ej påträffad;;Animalia;Chordata;Mammalia;Artiodactyla;Balaenidae;Eubalaena;;;GUID: urn:lsid:marinespecies.org:taxname:380473, Id för taxonid.org: 4af66f;balaena glacialis;;;https://dyntaxa.se/taxon/233173
2002171;56284;Ruminantia;Scopoli, 1777;idisslare;Accepterat;Underordning;;;Animalia;Chordata;Mammalia;Artiodactyla;;;;;;;;;https://dyntaxa.se/taxon/2002171
2002172;56285;Cervidae;Goldfuss, 1820;hjortdjur;Accepterat;Familj;;;Animalia;Chordata;Mammalia;Artiodactyla;;;;;GUID: urn:lsid:faunaeur.org:taxname:12647, Id för taxonid.org: c80a33;;;;https://dyntaxa.se/taxon/2002172
6011558;56286;Hydropotinae;Trouessart, 1898;;Accepterat;Underfamilj;;;Animalia;Chordata;Mammalia;Artiodactyla;Cervidae;;;;Id för taxonid.org: 2d40bb;;;;https://dyntaxa.se/taxon/6011558
6011559;56287;Hydropotes;Swinhoe, 1870;;Accepterat;Släkte;;;Animalia;Chordata;Mammalia;Artiodactyla;Cervidae;;;;GUID: urn:lsid:faunaeur.org:taxname:305266, Id för taxonid.org: b825de;;;;https://dyntaxa.se/taxon/6011559
6011560;56288;Hydropotes inermis;Swinhoe, 1870;vattenrådjur;Accepterat;Art;Ej påträffad;;Animalia;Chordata;Mammalia;Artiodactyla;Cervidae;Hydropotes;;;GUID: urn:lsid:faunaeur.org:taxname:305267, Id för taxonid.org: aefb22;;;;https://dyntaxa.se/taxon/6011560
6007818;56289;Capreolinae;Brookes, 1828;;Accepterat;Underfamilj;;;Animalia;Chordata;Mammalia;Artiodactyla;Cervidae;;;;Id för taxonid.org: 7383f1;;;;https://dyntaxa.se/taxon/6007818
1001660;56290;Alces;Gray, 1821;;Accepterat;Släkte;;;Animalia;Chordata;Mammalia;Artiodactyla;Cervidae;;;;GUID: urn:lsid:faunaeur.org:taxname:305252, Id för taxonid.org: a47345;;;;https://dyntaxa.se/taxon/1001660
206046;56291;Alces alces;(Linnaeus, 1758);älg;Accepterat;Art;Bofast och reproducerande;Spontan;Animalia;Chordata;Mammalia;Artiodactyla;Cervidae;Alces;;;GUID: urn:lsid:faunaeur.org:taxname:305254, Id för taxonid.org: eedc2a;;;;https://dyntaxa.se/taxon/206046
1001659;56292;Capreolus;Gray, 1821;;Accepterat;Släkte;;;Animalia;Chordata;Mammalia;Artiodactyla;Cervidae;;;;GUID: urn:lsid:faunaeur.org:taxname:305257, Id för taxonid.org: b62dfa;;;;https://dyntaxa.se/taxon/1001659
206045;56293;Capreolus capreolus;(Linnaeus, 1758);rådjur;Accepterat;Art;Bofast och reproducerande;Spontan;Animalia;Chordata;Mammalia;Artiodactyla;Cervidae;Capreolus;;;GUID: urn:lsid:faunaeur.org:taxname:305258, Id för taxonid.org: 4d6169;cervus capreolus;;;https://dyntaxa.se/taxon/206045
1015254;56294;Odocoileus;Rafinesque, 1832;;Accepterat;Släkte;;;Animalia;Chordata;Mammalia;Artiodactyla;Cervidae;;;;GUID: urn:lsid:faunaeur.org:taxname:305270, Id för taxonid.org: f534af;;;;https://dyntaxa.se/taxon/1015254
257771;56295;Odocoileus virginianus;(Zimmermann, 1780);vitsvanshjort;Accepterat;Art;Tillfällig, ej reproducerande;Sekundärt inkommen;Animalia;Chordata;Mammalia;Artiodactyla;Cervidae;Odocoileus;;;GUID: urn:lsid:faunaeur.org:taxname:305271, Id för taxonid.org: b63ee1;dama virginianus;;;https://dyntaxa.se/taxon/257771
1001661;56296;Rangifer;C.H.Smith, 1827;;Accepterat;Släkte;;;Animalia;Chordata;Mammalia;Artiodactyla;Cervidae;;;;GUID: urn:lsid:faunaeur.org:taxname:305272, Id för taxonid.org: 76dbf6;;;;https://dyntaxa.se/taxon/1001661
100120;56297;Rangifer tarandus;(Linnaeus, 1758);vildren;Accepterat;Art;Tillfällig, tidigare bofast;Spontan;Animalia;Chordata;Mammalia;Artiodactyla;Cervidae;Rangifer;;;GUID: urn:lsid:faunaeur.org:taxname:305273, Id för taxonid.org: 097f0e;cervus tarandus;ren;;https://dyntaxa.se/taxon/100120
6006719;56298;Rangifer tarandus tarandus;(Linnaeus, 1758);fjällren;Accepterat;Underart;Tillfällig, tidigare bofast;Spontan;Animalia;Chordata;Mammalia;Artiodactyla;Cervidae;Rangifer;;Rangifer tarandus;GUID: urn:lsid:faunaeur.org:taxname:305277, Id för taxonid.org: 11830c;cervus tarandus tarandus;fjällvildren, tundraren, euroasiatisk tundraren;;https://dyntaxa.se/taxon/6006719
6006720;56299;Rangifer tarandus fennicus;Lönnberg, 1909;skogsren;Accepterat;Underart;Förekommer ej, tidigare bofast;Spontan;Animalia;Chordata;Mammalia;Artiodactyla;Cervidae;Rangifer;;Rangifer tarandus;GUID: urn:lsid:faunaeur.org:taxname:305274, Id för taxonid.org: 45ce62;;skogsvildren;;https://dyntaxa.se/taxon/6006720
233627;56300;Rangifer tarandus tarandus, domestic form;(Linnaeus, 1758);tamren;Accepterat;Morfotyp;Bofast och reproducerande;Passivt införd och bofast före år 1800;Animalia;Chordata;Mammalia;Artiodactyla;Cervidae;Rangifer;;;;rangifer tarandus;ren;;https://dyntaxa.se/taxon/233627
6007819;56301;Cervinae;Goldfuss, 1820;;Accepterat;Underfamilj;;;Animalia;Chordata;Mammalia;Artiodactyla;Cervidae;;;;Id för taxonid.org: be5870;;;;https://dyntaxa.se/taxon/6007819
1001657;56302;Cervus;Linnaeus, 1758;;Accepterat;Släkte;;;Animalia;Chordata;Mammalia;Artiodactyla;Cervidae;;;;GUID: urn:lsid:faunaeur.org:taxname:305253, Id för taxonid.org: d778fa;;;;https://dyntaxa.se/taxon/1001657
206043;56303;Cervus elaphus;Linnaeus, 1758;kronhjort;Accepterat;Art;Bofast och reproducerande;Spontan;Animalia;Chordata;Mammalia;Artiodactyla;Cervidae;Cervus;;;GUID: urn:lsid:faunaeur.org:taxname:305262, Id för taxonid.org: 953fa2;;;;https://dyntaxa.se/taxon/206043
102103;56304;Cervus elaphus elaphus;Linnaeus, 1758;kronhjort;Accepterat;Underart;Bofast och reproducerande;Spontan;Animalia;Chordata;Mammalia;Artiodactyla;Cervidae;Cervus;;Cervus elaphus;Id för taxonid.org: f6f459;cervus elaphus ssp. elaphus;;;https://dyntaxa.se/taxon/102103
6011557;56305;Cervus nippon;Temminck, 1838;sikahjort;Accepterat;Art;Ej påträffad;;Animalia;Chordata;Mammalia;Artiodactyla;Cervidae;Cervus;;;GUID: urn:lsid:faunaeur.org:taxname:305263, Id för taxonid.org: fdc2ee;;;;https://dyntaxa.se/taxon/6011557
6011554;56306;Axis;Linnaeus, 1758;;Accepterat;Släkte;;;Animalia;Chordata;Mammalia;Artiodactyla;Cervidae;;;;GUID: urn:lsid:faunaeur.org:taxname:305255, Id för taxonid.org: c6072a;;;;https://dyntaxa.se/taxon/6011554
6011555;56307;Axis axis;(Erxleben, 1777);axishjort;Accepterat;Art;Ej påträffad;;Animalia;Chordata;Mammalia;Artiodactyla;Cervidae;Axis;;;GUID: urn:lsid:faunaeur.org:taxname:305256, Id för taxonid.org: 724d3e;cervus axis;;;https://dyntaxa.se/taxon/6011555
1001658;56308;Dama;Frisch, 1775;;Accepterat;Släkte;;;Animalia;Chordata;Mammalia;Artiodactyla;Cervidae;;;;GUID: urn:lsid:faunaeur.org:taxname:305264, Id för taxonid.org: f2cc20;;;;https://dyntaxa.se/taxon/1001658
206044;56309;Dama dama;(Linnaeus, 1758);dovhjort;Accepterat;Art;Bofast och reproducerande;Aktivt införd och bofast före år 1800;Animalia;Chordata;Mammalia;Artiodactyla;Cervidae;Dama;;;GUID: urn:lsid:faunaeur.org:taxname:305265, Id för taxonid.org: 078bf0;cervus dama;;;https://dyntaxa.se/taxon/206044
6007820;56310;Muntiacus;Rafinesque, 1815;;Accepterat;Släkte;;;Animalia;Chordata;Mammalia;Artiodactyla;Cervidae;;;;GUID: urn:lsid:faunaeur.org:taxname:305268, Id för taxonid.org: 706ddf;;;;https://dyntaxa.se/taxon/6007820
6007821;56311;Muntiacus reevesi;(Ogilby, 1838);röd muntjak;Accepterat;Art;Ej påträffad;;Animalia;Chordata;Mammalia;Artiodactyla;Cervidae;Muntiacus;;;GUID: urn:lsid:faunaeur.org:taxname:305269, Id för taxonid.org: 501bda;muntiacus reevesii, cervus reevesi;kinesisk muntjak;Engelskt: reeves' muntjac;https://dyntaxa.se/taxon/6007821
2002173;56312;Bovidae;Gray, 1821;slidhornsdjur;Accepterat;Familj;;;Animalia;Chordata;Mammalia;Artiodactyla;;;;;GUID: urn:lsid:faunaeur.org:taxname:12646, Id för taxonid.org: 922c09;;;;https://dyntaxa.se/taxon/2002173
6011542;56313;Bison;Hamilton-Smith, 1827;;Accepterat;Släkte;;;Animalia;Chordata;Mammalia;Artiodactyla;Bovidae;;;;GUID: urn:lsid:faunaeur.org:taxname:305220, Id för taxonid.org: 53990c;;;;https://dyntaxa.se/taxon/6011542
6011543;56314;Bison bison;(Linnaeus, 1758);bison;Accepterat;Art;Ej påträffad;;Animalia;Chordata;Mammalia;Artiodactyla;Bovidae;Bison;;;Id för taxonid.org: 5d8c15;bos bison;bisonoxe, amerikansk bison;;https://dyntaxa.se/taxon/6011543
6011613;56315;Bison bonasus;(Linnaeus, 1758);visent;Accepterat;Art;Förekommer ej, tidigare bofast;Aktivt införd, men ej bofast, före år 1800;Animalia;Chordata;Mammalia;Artiodactyla;Bovidae;Bison;;;GUID: urn:lsid:faunaeur.org:taxname:305222, Id för taxonid.org: a03d46;bos bonasus;europeisk bison;;https://dyntaxa.se/taxon/6011613
1009407;56316;Bos;Linnaeus, 1758;;Accepterat;Släkte;;;Animalia;Chordata;Mammalia;Artiodactyla;Bovidae;;;;GUID: urn:lsid:faunaeur.org:taxname:305221, Id för taxonid.org: 2cebda;;;;https://dyntaxa.se/taxon/1009407
233628;56317;Bos taurus;Linnaeus, 1758;nötkreatur;Accepterat;Art;Förekommer ej, tidigare bofast;Aktivt införd, men ej bofast, före år 1800;Animalia;Chordata;Mammalia;Artiodactyla;Bovidae;Bos;;;GUID: urn:lsid:faunaeur.org:taxname:305224, Id för taxonid.org: 3bbac0;;;;https://dyntaxa.se/taxon/233628
1009405;56318;Capra;Linnaeus, 1758;;Accepterat;Släkte;;;Animalia;Chordata;Mammalia;Artiodactyla;Bovidae;;;;GUID: urn:lsid:faunaeur.org:taxname:305225, Id för taxonid.org: 4c295e;;;;https://dyntaxa.se/taxon/1009405
233625;56319;Capra hircus;Linnaeus, 1758;get;Accepterat;Art;Tillfällig, ej reproducerande;Aktivt införd, men ej bofast, före år 1800;Animalia;Chordata;Mammalia;Artiodactyla;Bovidae;Capra;;;Id för taxonid.org: 4fdbcf;;;;https://dyntaxa.se/taxon/233625
1001656;56320;Ovibos;Blainville, 1816;;Accepterat;Släkte;;;Animalia;Chordata;Mammalia;Artiodactyla;Bovidae;;;;GUID: urn:lsid:faunaeur.org:taxname:305234, Id för taxonid.org: 884c60;;;;https://dyntaxa.se/taxon/1001656
206042;56321;Ovibos moschatus;(Zimmermann, 1780);myskoxe;Accepterat;Art;Bofast och reproducerande;Sekundärt inkommen;Animalia;Chordata;Mammalia;Artiodactyla;Bovidae;Ovibos;;;GUID: urn:lsid:faunaeur.org:taxname:305235, Id för taxonid.org: d95203;bos moschatus;;;https://dyntaxa.se/taxon/206042
1009406;56322;Ovis;Linnaeus, 1758;;Accepterat;Släkte;;;Animalia;Chordata;Mammalia;Artiodactyla;Bovidae;;;;GUID: urn:lsid:faunaeur.org:taxname:305237, Id för taxonid.org: a4f522;;;;https://dyntaxa.se/taxon/1009406
233626;56323;Ovis aries;Linnaeus, 1758;får;Accepterat;Art;Bofast och reproducerande;Aktivt införd, men ej bofast, före år 1800;Animalia;Chordata;Mammalia;Artiodactyla;Bovidae;Ovis;;;GUID: urn:lsid:faunaeur.org:taxname:305238, Id för taxonid.org: a39c8b;;;;https://dyntaxa.se/taxon/233626
246283;56324;Ovis aries musimon;(Pallas, 1811);mufflonfår;Accepterat;Underart;Bofast och reproducerande;Aktivt införd efter år 1800;Animalia;Chordata;Mammalia;Artiodactyla;Bovidae;Ovis;;Ovis aries;Id för taxonid.org: 16b46f;ovis aries musimon;mufflon;;https://dyntaxa.se/taxon/246283
264917;56325;Ovis aries aries;Linnaeus, 1758;tamfår;Accepterat;Underart;Tillfällig, ej reproducerande;Aktivt införd, men ej bofast, före år 1800;Animalia;Chordata;Mammalia;Artiodactyla;Bovidae;Ovis;;Ovis aries;Id för taxonid.org: dbcdce;;;;https://dyntaxa.se/taxon/264917
6012025;56326;Ovis ammon;(Linnaeus, 1758);argalifår;Accepterat;Art;Osäkert om påträffad;;Animalia;Chordata;Mammalia;Artiodactyla;Bovidae;Ovis;;;Id för taxonid.org: badcb2;capra ammon;;;https://dyntaxa.se/taxon/6012025
2002169;56327;Suiformes;Jaeckel, 1911;svindjur;Accepterat;Underordning;;;Animalia;Chordata;Mammalia;Artiodactyla;;;;;;suina;;;https://dyntaxa.se/taxon/2002169
2002170;56328;Suidae;Gray, 1821;äkta svin;Accepterat;Familj;;;Animalia;Chordata;Mammalia;Artiodactyla;;;;;GUID: urn:lsid:faunaeur.org:taxname:12645, Id för taxonid.org: 768e67;;;;https://dyntaxa.se/taxon/2002170
1001655;56329;Sus;Linnaeus, 1758;;Accepterat;Släkte;;;Animalia;Chordata;Mammalia;Artiodactyla;Suidae;;;;GUID: urn:lsid:faunaeur.org:taxname:305278, Id för taxonid.org: 172278;;;;https://dyntaxa.se/taxon/1001655
6010576;56330;Sus scrofa;Linnaeus, 1758;vildsvin;Accepterat;Art;Bofast och reproducerande;Återinförd;Animalia;Chordata;Mammalia;Artiodactyla;Suidae;Sus;;;GUID: urn:lsid:faunaeur.org:taxname:305279, Id för taxonid.org: 06950f;;vildsvin, vildsvin/tamsvin;;https://dyntaxa.se/taxon/6010576
206041;56331;Sus scrofa scrofa;Linnaeus, 1758;eurasiatiskt vildsvin;Accepterat;Underart;Bofast och reproducerande;Återinförd;Animalia;Chordata;Mammalia;Artiodactyla;Suidae;Sus;;Sus scrofa;GUID: urn:lsid:faunaeur.org:taxname:305279, Id för taxonid.org: 9960ea;;vildsvin;;https://dyntaxa.se/taxon/206041
6037370;56332;Sus scrofa, wild forms;;vildsvin;Accepterat;Artkomplex;Bofast och reproducerande;Återinförd;Animalia;Chordata;Mammalia;Artiodactyla;Suidae;Sus;;Sus scrofa;;;;;https://dyntaxa.se/taxon/6037370
233624;56333;Sus scrofa, domestic forms;;tamsvin;Accepterat;Artkomplex;Tillfällig, ej reproducerande;Aktivt införd, men ej bofast, före år 1800;Animalia;Chordata;Mammalia;Artiodactyla;Suidae;Sus;;Sus scrofa;GUID: urn:lsid:faunaeur.org:taxname:305279;sus domesticus, sus scrofa domesticus;;;https://dyntaxa.se/taxon/233624
6037369;56334;Sus scrofa, hampshire breed;;hampshiresvin;Accepterat;Population;Påträffad, okänt om reproducerande;;Animalia;Chordata;Mammalia;Artiodactyla;Suidae;Sus;;Sus scrofa;;;;;https://dyntaxa.se/taxon/6037369
6037368;56335;Sus scrofa, linderödssvin breed;;linderödssvin;Accepterat;Population;Påträffad, okänt om reproducerande;;Animalia;Chordata;Mammalia;Artiodactyla;Suidae;Sus;;Sus scrofa;;;;;https://dyntaxa.se/taxon/6037368
6011593;56336;Sus scrofa, pot-bellied pig breed;;hängbukssvin;Accepterat;Population;Påträffad, okänt om reproducerande;;Animalia;Chordata;Mammalia;Artiodactyla;Suidae;Sus;;Sus scrofa;;sus scrofa bittatus;;;https://dyntaxa.se/taxon/6011593
3000303;56337;Carnivora;Bowdich, 1821;rovdjur;Accepterat;Ordning;;;Animalia;Chordata;Mammalia;;;;;;GUID: urn:lsid:marinespecies.org:taxname:2687, Id för taxonid.org: d56423;;;;https://dyntaxa.se/taxon/3000303
2002151;56338;Feliformia;Kretzoi, 1945;kattartade rovdjur;Accepterat;Underordning;;;Animalia;Chordata;Mammalia;Carnivora;;;;;Id för taxonid.org: 36d5c6;feloidea;;;https://dyntaxa.se/taxon/2002151
2002152;56339;Felidae;Fischer de Waldheim, 1817;kattdjur;Accepterat;Familj;;;Animalia;Chordata;Mammalia;Carnivora;;;;;GUID: urn:lsid:faunaeur.org:taxname:12641, Id för taxonid.org: 21b8f9;;;;https://dyntaxa.se/taxon/2002152
1001652;56340;Lynx;Kerr, 1792;;Accepterat;Släkte;;;Animalia;Chordata;Mammalia;Carnivora;Felidae;;;;GUID: urn:lsid:faunaeur.org:taxname:305365, Id för taxonid.org: 803f78;;;;https://dyntaxa.se/taxon/1001652
100057;56341;Lynx lynx;(Linnaeus, 1758);lo;Accepterat;Art;Bofast och reproducerande;Spontan;Animalia;Chordata;Mammalia;Carnivora;Felidae;Lynx;;;GUID: urn:lsid:faunaeur.org:taxname:305366, Id för taxonid.org: b71f91;felis lynx;lodjur;;https://dyntaxa.se/taxon/100057
1009403;56342;Felis;Linnaeus, 1758;;Accepterat;Släkte;;;Animalia;Chordata;Mammalia;Carnivora;Felidae;;;;GUID: urn:lsid:faunaeur.org:taxname:305358, Id för taxonid.org: 5b5158;;;;https://dyntaxa.se/taxon/1009403
233620;56343;Felis catus;Linnaeus, 1758;tamkatt;Accepterat;Art;Bofast och reproducerande;Aktivt införd och bofast före år 1800;Animalia;Chordata;Mammalia;Carnivora;Felidae;Felis;;;Id för taxonid.org: 99e732;;;;https://dyntaxa.se/taxon/233620
6007814;56344;Herpestidae;Bonaparte, 1845;manguster;Accepterat;Familj;;;Animalia;Chordata;Mammalia;Carnivora;;;;;GUID: urn:lsid:faunaeur.org:taxname:12643, Id för taxonid.org: fc5a51;;;;https://dyntaxa.se/taxon/6007814
6007815;56345;Herpestes;Illiger, 1811;;Accepterat;Släkte;;;Animalia;Chordata;Mammalia;Carnivora;Herpestidae;;;;GUID: urn:lsid:faunaeur.org:taxname:305370, Id för taxonid.org: e9e775;;;;https://dyntaxa.se/taxon/6007815
6037429;56346;Urva;Hodgson, 1841;;Accepterat;Släkte;;;Animalia;Chordata;Mammalia;Carnivora;Herpestidae;;;;;;;;https://dyntaxa.se/taxon/6037429
6007816;56347;Urva javanica;(E.Geoffroy St. Hilaire, 1818);guldfläckig mangust;Accepterat;Art;Ej påträffad;;Animalia;Chordata;Mammalia;Carnivora;Herpestidae;Urva;;;Id för taxonid.org: 50b069;mungos javanicus, herpestes javanicus;javanesisk mungo;Engelskt: javan mongoose,small asian mongoose;https://dyntaxa.se/taxon/6007816
2002153;56348;Caniformia;Kretzoi, 1938;hundartade rovdjur;Accepterat;Underordning;;;Animalia;Chordata;Mammalia;Carnivora;;;;;Id för taxonid.org: 91e40f;canoidea;;;https://dyntaxa.se/taxon/2002153
2002154;56349;Canidae;Fischer von Waldheim, 1817;hunddjur;Accepterat;Familj;;;Animalia;Chordata;Mammalia;Carnivora;;;;;GUID: urn:lsid:faunaeur.org:taxname:12634, Id för taxonid.org: a63101;canidae;;;https://dyntaxa.se/taxon/2002154
1001643;56350;Canis;Linnaeus, 1758;;Accepterat;Släkte;;;Animalia;Chordata;Mammalia;Carnivora;Canidae;;;;GUID: urn:lsid:faunaeur.org:taxname:305284, Id för taxonid.org: 259ba6;;;;https://dyntaxa.se/taxon/1001643
6011549;56351;Canis aureus;(Linnaeus, 1758);guldschakal;Accepterat;Art;Osäkert om påträffad;;Animalia;Chordata;Mammalia;Carnivora;Canidae;Canis;;;GUID: urn:lsid:faunaeur.org:taxname:305288, Id för taxonid.org: b1010a;aureus aureus;;;https://dyntaxa.se/taxon/6011549
267320;56352;Canis lupus;Linnaeus, 1758;varg;Accepterat;Art;Bofast och reproducerande;Spontan;Animalia;Chordata;Mammalia;Carnivora;Canidae;Canis;;;Id för taxonid.org: da809b;;varg, ulv, varg/hund;;https://dyntaxa.se/taxon/267320
100024;56353;Canis lupus lupus;Linnaeus, 1758;eurasiatisk skogsvarg;Accepterat;Underart;Bofast och reproducerande;Spontan;Animalia;Chordata;Mammalia;Carnivora;Canidae;Canis;;Canis lupus;GUID: urn:lsid:faunaeur.org:taxname:305289, Id för taxonid.org: 505737;canis lupus;varg, varg;;https://dyntaxa.se/taxon/100024
233621;56354;Canis lupus familiaris;Linnaeus, 1758;hund;Accepterat;Underart;Regelbunden, ej reproducerande;Aktivt införd, men ej bofast, före år 1800;Animalia;Chordata;Mammalia;Carnivora;Canidae;Canis;;Canis lupus;GUID: urn:lsid:faunaeur.org:taxname:305289, Id för taxonid.org: 6efb4e;canis lupus, canis familiaris;;Engelskt: dog;https://dyntaxa.se/taxon/233621
1001646;56355;Nyctereutes;Temminck, 1839;;Accepterat;Släkte;;;Animalia;Chordata;Mammalia;Carnivora;Canidae;;;;GUID: urn:lsid:faunaeur.org:taxname:305290, Id för taxonid.org: 63f123;;;;https://dyntaxa.se/taxon/1001646
206028;56356;Nyctereutes procyonoides;(Gray, 1834);mårdhund;Accepterat;Art;Bofast och reproducerande;Sekundärt inkommen;Animalia;Chordata;Mammalia;Carnivora;Canidae;Nyctereutes;;;GUID: urn:lsid:faunaeur.org:taxname:305291, Id för taxonid.org: a96d69;nyctereutes procynoides, canis procyonoides;;;https://dyntaxa.se/taxon/206028
1001644;56357;Vulpes;Frisch, 1775;rävar;Accepterat;Släkte;;;Animalia;Chordata;Mammalia;Carnivora;Canidae;;;;GUID: urn:lsid:faunaeur.org:taxname:305292,urn:lsid:faunaeur.org:taxname:305283, Id för taxonid.org: 14bbcf;alopex, vulpes;;;https://dyntaxa.se/taxon/1001644
100005;56358;Vulpes lagopus;(Linnaeus, 1758);fjällräv;Accepterat;Art;Bofast och reproducerande;Spontan;Animalia;Chordata;Mammalia;Carnivora;Canidae;Vulpes;;;GUID: urn:lsid:faunaeur.org:taxname:305285, Id för taxonid.org: 573800;canis lagopus, alopex lagopus;;Engelskt: arctic fox;https://dyntaxa.se/taxon/100005
206026;56359;Vulpes vulpes;(Linnaeus, 1758);rödräv;Accepterat;Art;Bofast och reproducerande;Spontan;Animalia;Chordata;Mammalia;Carnivora;Canidae;Vulpes;;;GUID: urn:lsid:faunaeur.org:taxname:305294, Id för taxonid.org: 55f039;canis vulpes;korsräv, räv;Engelskt: cross fox,silver fox,red fox;https://dyntaxa.se/taxon/206026
1001645;56360;Alopex;Kaup, 1829;;Ej accepterat;Släkte;;;Animalia;Chordata;Mammalia;Carnivora;Canidae;;;;GUID: urn:lsid:faunaeur.org:taxname:305283;;;;https://dyntaxa.se/taxon/1001645
6011582;56361;Mephitidae;Bonaparte, 1845;skunkar;Accepterat;Familj;;;Animalia;Chordata;Mammalia;Carnivora;;;;;Id för taxonid.org: b9a993;;stinkdjur;;https://dyntaxa.se/taxon/6011582
6011583;56362;Mephitis;É.Geoffroy Saint-Hilaire & F.G.Cuvier, 1795;;Accepterat;Släkte;;;Animalia;Chordata;Mammalia;Carnivora;Mephitidae;;;;Id för taxonid.org: 8aebfe;;;;https://dyntaxa.se/taxon/6011583
6011584;56363;Mephitis mephitis;(Schreber, 1776);strimmig skunk;Accepterat;Art;Ej påträffad;;Animalia;Chordata;Mammalia;Carnivora;Mephitidae;Mephitis;;;Id för taxonid.org: 2835b5;viverra mephitis;;;https://dyntaxa.se/taxon/6011584
2002156;56364;Mustelidae;Fischer von Waldheim, 1817;mårddjur;Accepterat;Familj;;;Animalia;Chordata;Mammalia;Carnivora;;;;;GUID: urn:lsid:marinespecies.org:taxname:136974, Id för taxonid.org: 157d3b;mustelidae;;;https://dyntaxa.se/taxon/2002156
1001649;56365;Gulo;Pallas, 1780;;Accepterat;Släkte;;;Animalia;Chordata;Mammalia;Carnivora;Mustelidae;;;;GUID: urn:lsid:faunaeur.org:taxname:305301, Id för taxonid.org: bc25d5;;;;https://dyntaxa.se/taxon/1001649
100066;56366;Gulo gulo;(Linnaeus, 1758);järv;Accepterat;Art;Bofast och reproducerande;Spontan;Animalia;Chordata;Mammalia;Carnivora;Mustelidae;Gulo;;;GUID: urn:lsid:faunaeur.org:taxname:305303, Id för taxonid.org: c848fb;mustela gulo;;;https://dyntaxa.se/taxon/100066
1001650;56367;Lutra;Brisson, 1762;;Accepterat;Släkte;;;Animalia;Chordata;Mammalia;Carnivora;Mustelidae;;;;GUID: urn:lsid:marinespecies.org:taxname:137004, Id för taxonid.org: 84c096;;;;https://dyntaxa.se/taxon/1001650
100077;56368;Lutra lutra;(Linnaeus, 1758);utter;Accepterat;Art;Bofast och reproducerande;Spontan;Animalia;Chordata;Mammalia;Carnivora;Mustelidae;Lutra;;;GUID: urn:lsid:marinespecies.org:taxname:137076, Id för taxonid.org: 36555e;mustela lutra;;;https://dyntaxa.se/taxon/100077
1001648;56369;Martes;Pinel, 1792;;Accepterat;Släkte;;;Animalia;Chordata;Mammalia;Carnivora;Mustelidae;;;;GUID: urn:lsid:faunaeur.org:taxname:305306, Id för taxonid.org: 1da71e;;;;https://dyntaxa.se/taxon/1001648
6011585;56370;Martes foina;(Erxleben, 1777);stenmård;Accepterat;Art;Bofast och reproducerande;Passivt införd efter år 1800;Animalia;Chordata;Mammalia;Carnivora;Mustelidae;Martes;;;GUID: urn:lsid:faunaeur.org:taxname:305307, Id för taxonid.org: 5d9e17;mustela foina;;;https://dyntaxa.se/taxon/6011585
206033;56371;Martes martes;(Linnaeus, 1758);mård;Accepterat;Art;Bofast och reproducerande;Spontan;Animalia;Chordata;Mammalia;Carnivora;Mustelidae;Martes;;;GUID: urn:lsid:faunaeur.org:taxname:305308, Id för taxonid.org: 0537cc;mustela martes;skogsmård;;https://dyntaxa.se/taxon/206033
1001651;56372;Meles;Brisson, 1762;;Accepterat;Släkte;;;Animalia;Chordata;Mammalia;Carnivora;Mustelidae;;;;GUID: urn:lsid:faunaeur.org:taxname:305310, Id för taxonid.org: 890a58;;;;https://dyntaxa.se/taxon/1001651
206036;56373;Meles meles;(Linnaeus, 1758);grävling;Accepterat;Art;Bofast och reproducerande;Spontan;Animalia;Chordata;Mammalia;Carnivora;Mustelidae;Meles;;;GUID: urn:lsid:faunaeur.org:taxname:305312, Id för taxonid.org: f729ac;ursus meles;;;https://dyntaxa.se/taxon/206036
1001647;56374;Mustela;Linnaeus, 1758;;Accepterat;Släkte;;;Animalia;Chordata;Mammalia;Carnivora;Mustelidae;;;;GUID: urn:lsid:faunaeur.org:taxname:305302, Id för taxonid.org: 33b3ae;;;;https://dyntaxa.se/taxon/1001647
206029;56375;Mustela erminea;Linnaeus, 1758;hermelin;Accepterat;Art;Bofast och reproducerande;Spontan;Animalia;Chordata;Mammalia;Carnivora;Mustelidae;Mustela;;;GUID: urn:lsid:faunaeur.org:taxname:305315, Id för taxonid.org: a86a08;;lekatt;;https://dyntaxa.se/taxon/206029
206030;56376;Mustela nivalis;Linnaeus, 1766;småvessla;Accepterat;Art;Bofast och reproducerande;Spontan;Animalia;Chordata;Mammalia;Carnivora;Mustelidae;Mustela;;;GUID: urn:lsid:faunaeur.org:taxname:305324, Id för taxonid.org: 645cf7;;vessla;;https://dyntaxa.se/taxon/206030
6326508;56377;Mustela nivalis nivalis;;;Accepterat;Underart;Bofast och reproducerande;Spontan;Animalia;Chordata;Mammalia;Carnivora;Mustelidae;Mustela;;Mustela nivalis;;mustela nivalis subsp. nivalis;;;https://dyntaxa.se/taxon/6326508
6326512;56378;Mustela nivalis vulgaris;Erxleben, 1777;;Accepterat;Underart;Bofast och reproducerande;Spontan;Animalia;Chordata;Mammalia;Carnivora;Mustelidae;Mustela;;Mustela nivalis;;mustela vulgaris;;;https://dyntaxa.se/taxon/6326512
206032;56379;Mustela putorius;Linnaeus, 1758;iller;Accepterat;Art;Bofast och reproducerande;Spontan;Animalia;Chordata;Mammalia;Carnivora;Mustelidae;Mustela;;;GUID: urn:lsid:faunaeur.org:taxname:305328, Id för taxonid.org: 4010b2;;;;https://dyntaxa.se/taxon/206032
6011586;56380;Mustela putorius furo;Linnaeus, 1758;frett;Accepterat;Underart;Ej påträffad;Aktivt införd efter år 1800;Animalia;Chordata;Mammalia;Carnivora;Mustelidae;Mustela;;Mustela putorius;Id för taxonid.org: 0fcfeb;mustela furo;tamiller;;https://dyntaxa.se/taxon/6011586
6037430;56381;Neovison;Baryshnikov & Abramov, 1997;;Accepterat;Släkte;;;Animalia;Chordata;Mammalia;Carnivora;Mustelidae;;;;Id för taxonid.org: d06ad6;;;;https://dyntaxa.se/taxon/6037430
206031;56382;Neovison vison;(Schreber, 1777);mink;Accepterat;Art;Bofast och reproducerande;Aktivt införd efter år 1800;Animalia;Chordata;Mammalia;Carnivora;Mustelidae;Neovison;;;GUID: urn:lsid:faunaeur.org:taxname:305332, Id för taxonid.org: 46fabe;mustela vison;;;https://dyntaxa.se/taxon/206031
2002158;56383;Odobenidae;Allen, 1880;valrossar;Accepterat;Familj;;;Animalia;Chordata;Mammalia;Carnivora;;;;;GUID: urn:lsid:marinespecies.org:taxname:136975, Id för taxonid.org: 514187;;;;https://dyntaxa.se/taxon/2002158
1008688;56384;Odobenus;Brisson, 1762;;Accepterat;Släkte;;;Animalia;Chordata;Mammalia;Carnivora;Odobenidae;;;;GUID: urn:lsid:marinespecies.org:taxname:137005, Id för taxonid.org: 81e2de;;;;https://dyntaxa.se/taxon/1008688
233176;56385;Odobenus rosmarus;(Linnaeus, 1758);valross;Accepterat;Art;Tillfällig, ej reproducerande;Spontan;Animalia;Chordata;Mammalia;Carnivora;Odobenidae;Odobenus;;;GUID: urn:lsid:marinespecies.org:taxname:137077, Id för taxonid.org: f4510f;phoca rosmarus;;;https://dyntaxa.se/taxon/233176
2002159;56386;Phocidae;Gray, 1821;öronlösa sälar;Accepterat;Familj;;;Animalia;Chordata;Mammalia;Carnivora;;;;;GUID: urn:lsid:marinespecies.org:taxname:136976,urn:lsid:marinespecies.org:taxname:148736, Id för taxonid.org: f9b7b8;pinnipedia;säldjur;;https://dyntaxa.se/taxon/2002159
1001653;56387;Phoca;Linnaeus, 1758;;Accepterat;Släkte;;;Animalia;Chordata;Mammalia;Carnivora;Phocidae;;;;GUID: urn:lsid:marinespecies.org:taxname:137010, Id för taxonid.org: 5502b5;;;;https://dyntaxa.se/taxon/1001653
102708;56388;Phoca vitulina;Linnaeus, 1758;knubbsäl;Accepterat;Art;Bofast och reproducerande;Spontan;Animalia;Chordata;Mammalia;Carnivora;Phocidae;Phoca;;;GUID: urn:lsid:marinespecies.org:taxname:137084, Id för taxonid.org: 9a4896;;;;https://dyntaxa.se/taxon/102708
100105;56389;Phoca vitulina (Baltic population);;knubbsäl (östersjöpopulationen);Accepterat;Population;Bofast och reproducerande;Spontan;Animalia;Chordata;Mammalia;Carnivora;Phocidae;Phoca;;Phoca vitulina;;phoca vitulina (östersjöpopulationen);knubbsäl (östersjöbestånd);;https://dyntaxa.se/taxon/100105
1001654;56390;Halichoerus;Nilsson, 1820;;Accepterat;Släkte;;;Animalia;Chordata;Mammalia;Carnivora;Phocidae;;;;GUID: urn:lsid:marinespecies.org:taxname:137008, Id för taxonid.org: a78837;;;;https://dyntaxa.se/taxon/1001654
100068;56391;Halichoerus grypus;(O.Fabricius, 1791);gråsäl;Accepterat;Art;Bofast och reproducerande;Spontan;Animalia;Chordata;Mammalia;Carnivora;Phocidae;Halichoerus;;;GUID: urn:lsid:marinespecies.org:taxname:137080, Id för taxonid.org: e456e9;phoca halichoerus, halichoerus griseus, phoca grypus;;;https://dyntaxa.se/taxon/100068
263710;56392;Halichoerus grypus grypus;(Fabricius, 1791);;Accepterat;Underart;Tillfällig, ej reproducerande;Passivt införd och bofast före år 1800;Animalia;Chordata;Mammalia;Carnivora;Phocidae;Halichoerus;;Halichoerus grypus;Id för taxonid.org: 445f84;halichoerus grypus halichoerus, halichoerus grypus var. atlantica;;;https://dyntaxa.se/taxon/263710
263711;56393;Halichoerus grypus macrorhynchus;Hornschuch & Schilling, 1851;;Accepterat;Underart;Bofast och reproducerande;Spontan;Animalia;Chordata;Mammalia;Carnivora;Phocidae;Halichoerus;;Halichoerus grypus;Id för taxonid.org: 67a08e;halichoerus grypus balticus, halichoerus grypus var. baltica, halichoerus macrorhynchus, halichoerus pachyrhynchus;;;https://dyntaxa.se/taxon/263711
1012702;56394;Pagophilus;Gray, 1844;;Accepterat;Släkte;;;Animalia;Chordata;Mammalia;Carnivora;Phocidae;;;;GUID: urn:lsid:marinespecies.org:taxname:159018, Id för taxonid.org: 340b7a;;;;https://dyntaxa.se/taxon/1012702
246082;56395;Pagophilus groenlandicus;(Erxsleben, 1777);grönlandssäl;Accepterat;Art;Tillfällig, ej reproducerande;Spontan;Animalia;Chordata;Mammalia;Carnivora;Phocidae;Pagophilus;;;GUID: urn:lsid:marinespecies.org:taxname:159019, Id för taxonid.org: 9ced4b;phoca groenlandica;;;https://dyntaxa.se/taxon/246082
1012705;56396;Erignathus;Gill, 1866;;Accepterat;Släkte;;;Animalia;Chordata;Mammalia;Carnivora;Phocidae;;;;GUID: urn:lsid:marinespecies.org:taxname:137007, Id för taxonid.org: b573a1;;;;https://dyntaxa.se/taxon/1012705
246126;56397;Erignathus barbatus;(Erxsleben, 1777);storsäl;Accepterat;Art;Tillfällig, ej reproducerande;Spontan;Animalia;Chordata;Mammalia;Carnivora;Phocidae;Erignathus;;;GUID: urn:lsid:marinespecies.org:taxname:137079, Id för taxonid.org: bbaca3;phoca barbata;;;https://dyntaxa.se/taxon/246126
1016571;56398;Pusa;Scopoli, 1771;;Accepterat;Släkte;;;Animalia;Chordata;Mammalia;Carnivora;Phocidae;;;;GUID: urn:lsid:marinespecies.org:taxname:159020, Id för taxonid.org: 98556d;;;;https://dyntaxa.se/taxon/1016571
100104;56399;Pusa hispida;(Schreber, 1775);vikare;Accepterat;Art;Bofast och reproducerande;Spontan;Animalia;Chordata;Mammalia;Carnivora;Phocidae;Pusa;;;GUID: urn:lsid:marinespecies.org:taxname:159021, Id för taxonid.org: b28073;phoca hispida;vikarsäl;;https://dyntaxa.se/taxon/100104
6003882;56400;Pusa hispida botnica;(Gmelin, 1788);östersjövikare;Accepterat;Underart;Bofast och reproducerande;Spontan;Animalia;Chordata;Mammalia;Carnivora;Phocidae;Pusa;;Pusa hispida;Id för taxonid.org: 6ac47d;phoca hispida botnica, phoca vitulina botnica, phoca vitulina var. botnica;;Engelskt: baltic ringed seal, Finskt: itämerennorppa;https://dyntaxa.se/taxon/6003882
6003380;56401;Procyonidae;Gray, 1825;halvbjörnar;Accepterat;Familj;;;Animalia;Chordata;Mammalia;Carnivora;;;;;GUID: urn:lsid:faunaeur.org:taxname:12637, Id för taxonid.org: 67a2af;;;;https://dyntaxa.se/taxon/6003380
6003381;56402;Procyon;Storr, 1780;;Accepterat;Släkte;;;Animalia;Chordata;Mammalia;Carnivora;Procyonidae;;;;GUID: urn:lsid:faunaeur.org:taxname:305354, Id för taxonid.org: 731fab;;;;https://dyntaxa.se/taxon/6003381
6003382;56403;Procyon lotor;(Linnaeus, 1758);tvättbjörn;Accepterat;Art;Tillfällig, ej reproducerande;Passivt införd efter år 1800;Animalia;Chordata;Mammalia;Carnivora;Procyonidae;Procyon;;;GUID: urn:lsid:faunaeur.org:taxname:305355, Id för taxonid.org: 1afba9;ursus lotor;;;https://dyntaxa.se/taxon/6003382
6007826;56404;Nasua;Storr, 1780;;Accepterat;Släkte;;;Animalia;Chordata;Mammalia;Carnivora;Procyonidae;;;;Id för taxonid.org: 79f799;;;;https://dyntaxa.se/taxon/6007826
6007827;56405;Nasua nasua s.lat.;(Linnaeus, 1766);vanlig näsbjörn;Accepterat;Kollektivtaxon;Ej påträffad;;Animalia;Chordata;Mammalia;Carnivora;Procyonidae;Nasua;;;Id för taxonid.org: 413e5e;viverra nasua, nasua nasua;röd näsbjörn, ringsvansad näsbjörn;Engelskt: south american coati;https://dyntaxa.se/taxon/6007827
2002155;56406;Ursidae;Fischer von Waldheim, 1817;björnar;Accepterat;Familj;;;Animalia;Chordata;Mammalia;Carnivora;;;;;GUID: urn:lsid:marinespecies.org:taxname:136977, Id för taxonid.org: 1b5b8a;;;;https://dyntaxa.se/taxon/2002155
1001642;56407;Ursus;Linnaeus, 1758;;Accepterat;Släkte;;;Animalia;Chordata;Mammalia;Carnivora;Ursidae;;;;GUID: urn:lsid:marinespecies.org:taxname:137011, Id för taxonid.org: c23f2e;;;;https://dyntaxa.se/taxon/1001642
100145;56408;Ursus arctos;Linnaeus, 1758;brunbjörn;Accepterat;Art;Bofast och reproducerande;Spontan;Animalia;Chordata;Mammalia;Carnivora;Ursidae;Ursus;;;GUID: urn:lsid:faunaeur.org:taxname:305356, Id för taxonid.org: cdc8bf;;björn;Engelskt: brown bear;https://dyntaxa.se/taxon/100145
6008221;56409;Ursus arctos arctos;Linnaeus, 1758;europeisk brunbjörn;Accepterat;Underart;Bofast och reproducerande;Spontan;Animalia;Chordata;Mammalia;Carnivora;Ursidae;Ursus;;Ursus arctos;Id för taxonid.org: 41bf87;;;Engelskt: eurasian brown bear;https://dyntaxa.se/taxon/6008221
2002157;56410;Pinnipedia;;säldjur;Ej accepterat;Underordning;;;Animalia;Chordata;Mammalia;Carnivora;;;;;GUID: urn:lsid:marinespecies.org:taxname:148736;;;;https://dyntaxa.se/taxon/2002157
3000299;56411;Chiroptera;Blumenbach, 1779;fladdermöss;Accepterat;Ordning;;;Animalia;Chordata;Mammalia;;;;;;GUID: urn:lsid:faunaeur.org:taxname:12623, Id för taxonid.org: 012a14;;;;https://dyntaxa.se/taxon/3000299
6010511;56412;Vespertilionoidea;Gray, 1821;;Accepterat;Underordning;;;Animalia;Chordata;Mammalia;Chiroptera;;;;;;;;;https://dyntaxa.se/taxon/6010511
2002140;56413;Vespertilionidae;Gray, 1821;läderlappar;Accepterat;Familj;;;Animalia;Chordata;Mammalia;Chiroptera;;;;;GUID: urn:lsid:faunaeur.org:taxname:12628, Id för taxonid.org: 9ec0b3;;;;https://dyntaxa.se/taxon/2002140
1001625;56414;Barbastella;Gray, 1821;;Accepterat;Släkte;;;Animalia;Chordata;Mammalia;Chiroptera;Vespertilionidae;;;;GUID: urn:lsid:faunaeur.org:taxname:305393, Id för taxonid.org: 42d79c;;;;https://dyntaxa.se/taxon/1001625
100015;56415;Barbastella barbastellus;(Schreber, 1774);barbastell;Accepterat;Art;Bofast och reproducerande;Spontan;Animalia;Chordata;Mammalia;Chiroptera;Vespertilionidae;Barbastella;;;GUID: urn:lsid:faunaeur.org:taxname:305394, Id för taxonid.org: ba3ee8;vespertilio barbastellus;;;https://dyntaxa.se/taxon/100015
1001623;56416;Eptesicus;Rafinesque, 1820;;Accepterat;Släkte;;;Animalia;Chordata;Mammalia;Chiroptera;Vespertilionidae;;;;GUID: urn:lsid:faunaeur.org:taxname:305396, Id för taxonid.org: bc9157;;;;https://dyntaxa.se/taxon/1001623
205998;56417;Eptesicus nilssonii;(A.Keyserling & Blasius, 1839);nordfladdermus;Accepterat;Art;Bofast och reproducerande;Spontan;Animalia;Chordata;Mammalia;Chiroptera;Vespertilionidae;Eptesicus;;;GUID: urn:lsid:faunaeur.org:taxname:305399, Id för taxonid.org: 6c814d;eptesicus nilssoni, vespertilio nilssonii;nordisk fladdermus;;https://dyntaxa.se/taxon/205998
100051;56418;Eptesicus serotinus;(Schreber, 1774);sydfladdermus;Accepterat;Art;Bofast och reproducerande;Spontan;Animalia;Chordata;Mammalia;Chiroptera;Vespertilionidae;Eptesicus;;;GUID: urn:lsid:faunaeur.org:taxname:305400, Id för taxonid.org: 57dde4;vespertilio serotinus;;;https://dyntaxa.se/taxon/100051
1001620;56419;Myotis;Kaup, 1829;;Accepterat;Släkte;;;Animalia;Chordata;Mammalia;Chiroptera;Vespertilionidae;;;;GUID: urn:lsid:faunaeur.org:taxname:305405, Id för taxonid.org: e011d6;;;;https://dyntaxa.se/taxon/1001620
262167;56420;Myotis alcathoe;von Helversen & Heller, 2001;nymffladdermus;Accepterat;Art;Påträffad, okänt om reproducerande;Spontan;Animalia;Chordata;Mammalia;Chiroptera;Vespertilionidae;Myotis;;;GUID: urn:lsid:faunaeur.org:taxname:305406, Id för taxonid.org: 9a0da7;;;;https://dyntaxa.se/taxon/262167
100085;56421;Myotis bechsteinii;(Kuhl, 1817);Bechsteins fladdermus;Accepterat;Art;Bofast och reproducerande;Spontan;Animalia;Chordata;Mammalia;Chiroptera;Vespertilionidae;Myotis;;;GUID: urn:lsid:faunaeur.org:taxname:305408, Id för taxonid.org: c126c4;myotis bechsteini, vespertilio bechsteinii;;;https://dyntaxa.se/taxon/100085
205988;56422;Myotis brandtii;(Eversmann, 1845);tajgafladdermus;Accepterat;Art;Bofast och reproducerande;Spontan;Animalia;Chordata;Mammalia;Chiroptera;Vespertilionidae;Myotis;;;GUID: urn:lsid:faunaeur.org:taxname:305412, Id för taxonid.org: 31977c;myotis brandti, vespertilio brandtii;brandts fladdermus, taigafladdermus;;https://dyntaxa.se/taxon/205988
100086;56423;Myotis dasycneme;(F.Boie, 1825);dammfladdermus;Accepterat;Art;Bofast och reproducerande;Spontan;Animalia;Chordata;Mammalia;Chiroptera;Vespertilionidae;Myotis;;;GUID: urn:lsid:faunaeur.org:taxname:305416, Id för taxonid.org: a93408;vespertilio dasycneme;;;https://dyntaxa.se/taxon/100086
205992;56424;Myotis daubentonii;(Kuhl, 1817);vattenfladdermus;Accepterat;Art;Bofast och reproducerande;Spontan;Animalia;Chordata;Mammalia;Chiroptera;Vespertilionidae;Myotis;;;GUID: urn:lsid:faunaeur.org:taxname:305417, Id för taxonid.org: 6c49c2;myotis daubentoni, vespertilio daubentonii;;;https://dyntaxa.se/taxon/205992
205991;56425;Myotis myotis;(Borkhausen, 1797);större musöra;Accepterat;Art;Påträffad, okänt om reproducerande;Spontan;Animalia;Chordata;Mammalia;Chiroptera;Vespertilionidae;Myotis;;;GUID: urn:lsid:faunaeur.org:taxname:305419, Id för taxonid.org: 369ff7;vespertilio myotis;;;https://dyntaxa.se/taxon/205991
102102;56426;Myotis mystacinus;(Kuhl, 1817);mustaschfladdermus;Accepterat;Art;Bofast och reproducerande;Spontan;Animalia;Chordata;Mammalia;Chiroptera;Vespertilionidae;Myotis;;;GUID: urn:lsid:faunaeur.org:taxname:305420, Id för taxonid.org: 19cc8d;vespertilio mystacinus;;;https://dyntaxa.se/taxon/102102
232474;56427;Myotis mystacinus/brandtii;;mustaschfladdermus/tajgafladdermus;Accepterat;Artkomplex;;;Animalia;Chordata;Mammalia;Chiroptera;Vespertilionidae;Myotis;;;;;mustaschfladdermus/taigafladdermus;;https://dyntaxa.se/taxon/232474
100087;56428;Myotis nattereri;(Kuhl, 1817);fransfladdermus;Accepterat;Art;Bofast och reproducerande;Spontan;Animalia;Chordata;Mammalia;Chiroptera;Vespertilionidae;Myotis;;;GUID: urn:lsid:faunaeur.org:taxname:305421, Id för taxonid.org: 58c785;vespertilio nattereri;;;https://dyntaxa.se/taxon/100087
1001622;56429;Nyctalus;Bowdich, 1825;;Accepterat;Släkte;;;Animalia;Chordata;Mammalia;Chiroptera;Vespertilionidae;;;;GUID: urn:lsid:faunaeur.org:taxname:305423, Id för taxonid.org: 8a68df;;;;https://dyntaxa.se/taxon/1001622
232266;56430;Nyctalus leisleri;(Kuhl, 1817);mindre brunfladdermus;Accepterat;Art;Påträffad, okänt om reproducerande;Spontan;Animalia;Chordata;Mammalia;Chiroptera;Vespertilionidae;Nyctalus;;;GUID: urn:lsid:faunaeur.org:taxname:305426, Id för taxonid.org: 11b394;vespertilio leisleri;leislers fladdermus;;https://dyntaxa.se/taxon/232266
100092;56431;Nyctalus noctula;(Schreber, 1774);större brunfladdermus;Accepterat;Art;Bofast och reproducerande;Spontan;Animalia;Chordata;Mammalia;Chiroptera;Vespertilionidae;Nyctalus;;;GUID: urn:lsid:faunaeur.org:taxname:305429, Id för taxonid.org: 8bba3e;vespertilio noctula;stor fladdermus;;https://dyntaxa.se/taxon/100092
1001621;56432;Pipistrellus;Kaup, 1829;;Accepterat;Släkte;;;Animalia;Chordata;Mammalia;Chiroptera;Vespertilionidae;;;;GUID: urn:lsid:faunaeur.org:taxname:305430, Id för taxonid.org: 1b3248;;;;https://dyntaxa.se/taxon/1001621
6052025;56433;Pipistrellus kuhlii;(Kuhl, 1817);parkpipistrell;Accepterat;Art;Ej påträffad;;Animalia;Chordata;Mammalia;Chiroptera;Vespertilionidae;Pipistrellus;;;;vespertilio kuhlii;kuhls fladdermus;;https://dyntaxa.se/taxon/6052025
100111;56434;Pipistrellus nathusii;(A.Keyserling & Bläsius, 1839);trollpipistrell;Accepterat;Art;Bofast och reproducerande;Spontan;Animalia;Chordata;Mammalia;Chiroptera;Vespertilionidae;Pipistrellus;;;GUID: urn:lsid:faunaeur.org:taxname:305433, Id för taxonid.org: 350e17;vespertilio nathusii, vesperugo nathusii;trollfladdermus;;https://dyntaxa.se/taxon/100111
205994;56435;Pipistrellus pipistrellus;(Schreber, 1774);sydpipistrell;Accepterat;Art;Bofast och reproducerande;Spontan;Animalia;Chordata;Mammalia;Chiroptera;Vespertilionidae;Pipistrellus;;;GUID: urn:lsid:faunaeur.org:taxname:305434, Id för taxonid.org: 087997;vespertilio pipistrellus;vanlig pipistrell, pipistrell;;https://dyntaxa.se/taxon/205994
205995;56436;Pipistrellus pygmaeus;(W.E.Leach, 1825);dvärgpipistrell;Accepterat;Art;Bofast och reproducerande;Spontan;Animalia;Chordata;Mammalia;Chiroptera;Vespertilionidae;Pipistrellus;;;GUID: urn:lsid:faunaeur.org:taxname:305435, Id för taxonid.org: 18741a;vespertilio pygmaeus;dvärgfladdermus;;https://dyntaxa.se/taxon/205995
1001626;56437;Plecotus;E.Geoffroy, 1818;;Accepterat;Släkte;;;Animalia;Chordata;Mammalia;Chiroptera;Vespertilionidae;;;;GUID: urn:lsid:faunaeur.org:taxname:305437, Id för taxonid.org: fbc118;;;;https://dyntaxa.se/taxon/1001626
206002;56438;Plecotus auritus;(Linnaeus, 1758);brunlångöra;Accepterat;Art;Bofast och reproducerande;Spontan;Animalia;Chordata;Mammalia;Chiroptera;Vespertilionidae;Plecotus;;;GUID: urn:lsid:faunaeur.org:taxname:305438, Id för taxonid.org: 4e78cb;vespertilio auritus;långörad fladdermus;;https://dyntaxa.se/taxon/206002
232267;56439;Plecotus austriacus;(J.B.Fischer, 1829);grålångöra;Accepterat;Art;Påträffad, okänt om reproducerande;Spontan;Animalia;Chordata;Mammalia;Chiroptera;Vespertilionidae;Plecotus;;;GUID: urn:lsid:faunaeur.org:taxname:305441, Id för taxonid.org: 6f6940;vespertilio austriacus;grå långörad fladdermus;;https://dyntaxa.se/taxon/232267
1001624;56440;Vespertilio;Linnaeus, 1758;;Accepterat;Släkte;;;Animalia;Chordata;Mammalia;Chiroptera;Vespertilionidae;;;;GUID: urn:lsid:faunaeur.org:taxname:305387, Id för taxonid.org: aff025;;;;https://dyntaxa.se/taxon/1001624
206000;56441;Vespertilio murinus;Linnaeus, 1758;gråskimlig fladdermus;Accepterat;Art;Bofast och reproducerande;Spontan;Animalia;Chordata;Mammalia;Chiroptera;Vespertilionidae;Vespertilio;;;GUID: urn:lsid:faunaeur.org:taxname:305448, Id för taxonid.org: f7169b;;;;https://dyntaxa.se/taxon/206000
6326725;56442;Nyctalus/Eptesicus/Vespertilio;;;Accepterat;Pseudotaxon;;;Animalia;Chordata;Mammalia;Chiroptera;Vespertilionidae;;;;;;;;https://dyntaxa.se/taxon/6326725
6034825;56443;Eulipotyphla;Waddell & al., 1999;äkta insektsätare;Accepterat;Ordning;;;Animalia;Chordata;Mammalia;;;;;;GUID: urn:lsid:faunaeur.org:taxname:12618;insectivora, eulipotyphla, erinaceomorpha, soricomorpha;insektsätare;;https://dyntaxa.se/taxon/6034825
2002137;56444;Erinaceidae;G. Fischer, 1814;igelkottdjur;Accepterat;Familj;;;Animalia;Chordata;Mammalia;Eulipotyphla;;;;;GUID: urn:lsid:faunaeur.org:taxname:12622, Id för taxonid.org: b9b2fc;;;;https://dyntaxa.se/taxon/2002137
1001616;56445;Erinaceus;Linnaeus, 1758;;Accepterat;Släkte;;;Animalia;Chordata;Mammalia;Eulipotyphla;Erinaceidae;;;;GUID: urn:lsid:faunaeur.org:taxname:305450, Id för taxonid.org: 5e8715;;;;https://dyntaxa.se/taxon/1001616
100053;56446;Erinaceus europaeus;Linnaeus, 1758;igelkott;Accepterat;Art;Bofast och reproducerande;Spontan;Animalia;Chordata;Mammalia;Eulipotyphla;Erinaceidae;Erinaceus;;;GUID: urn:lsid:faunaeur.org:taxname:305459, Id för taxonid.org: 59de1d;;;;https://dyntaxa.se/taxon/100053
2002138;56447;Soricidae;G. Fischer, 1814;näbbmöss;Accepterat;Familj;;;Animalia;Chordata;Mammalia;Eulipotyphla;;;;;GUID: urn:lsid:faunaeur.org:taxname:12620, Id för taxonid.org: 61fc1e;;;;https://dyntaxa.se/taxon/2002138
1001619;56448;Neomys;Kaup, 1829;;Accepterat;Släkte;;;Animalia;Chordata;Mammalia;Eulipotyphla;Soricidae;;;;GUID: urn:lsid:faunaeur.org:taxname:305482, Id för taxonid.org: a9a6dc;;;;https://dyntaxa.se/taxon/1001619
205986;56449;Neomys fodiens;(Pennant, 1771);vattennäbbmus;Accepterat;Art;Bofast och reproducerande;Spontan;Animalia;Chordata;Mammalia;Eulipotyphla;Soricidae;Neomys;;;GUID: urn:lsid:faunaeur.org:taxname:305486, Id för taxonid.org: 809dae;sorex fodiens;;;https://dyntaxa.se/taxon/205986
1001618;56450;Sorex;Linnaeus, 1758;;Accepterat;Släkte;;;Animalia;Chordata;Mammalia;Eulipotyphla;Soricidae;;;;GUID: urn:lsid:faunaeur.org:taxname:305467, Id för taxonid.org: 1db2f6;;;;https://dyntaxa.se/taxon/1001618
205981;56451;Sorex araneus;Linnaeus, 1758;vanlig näbbmus;Accepterat;Art;Bofast och reproducerande;Spontan;Animalia;Chordata;Mammalia;Eulipotyphla;Soricidae;Sorex;;;GUID: urn:lsid:faunaeur.org:taxname:305490, Id för taxonid.org: 53b18a;;;;https://dyntaxa.se/taxon/205981
205985;56452;Sorex caecutiens;Laxmann, 1788;lappnäbbmus;Accepterat;Art;Bofast och reproducerande;Spontan;Animalia;Chordata;Mammalia;Eulipotyphla;Soricidae;Sorex;;;GUID: urn:lsid:faunaeur.org:taxname:305491, Id för taxonid.org: 4dc3b1;;;;https://dyntaxa.se/taxon/205985
102101;56453;Sorex isodon;Turov, 1924;tajganäbbmus;Accepterat;Art;Bofast och reproducerande;Spontan;Animalia;Chordata;Mammalia;Eulipotyphla;Soricidae;Sorex;;;GUID: urn:lsid:faunaeur.org:taxname:305500, Id för taxonid.org: 320a6f;sorex sinalis, sorex gravesi, sorex isodon;taiganäbbmus;;https://dyntaxa.se/taxon/102101
205983;56454;Sorex minutissimus;Zimmermann, 1780;mindre dvärgnäbbmus;Accepterat;Art;Bofast och reproducerande;Spontan;Animalia;Chordata;Mammalia;Eulipotyphla;Soricidae;Sorex;;;GUID: urn:lsid:faunaeur.org:taxname:305502, Id för taxonid.org: 304d29;;;;https://dyntaxa.se/taxon/205983
205982;56455;Sorex minutus;Linnaeus, 1766;dvärgnäbbmus;Accepterat;Art;Bofast och reproducerande;Spontan;Animalia;Chordata;Mammalia;Eulipotyphla;Soricidae;Sorex;;;GUID: urn:lsid:faunaeur.org:taxname:305503, Id för taxonid.org: 13c8c8;;;;https://dyntaxa.se/taxon/205982
2002139;56456;Talpidae;G. Fischer, 1814;mullvadsdjur;Accepterat;Familj;;;Animalia;Chordata;Mammalia;Eulipotyphla;;;;;GUID: urn:lsid:faunaeur.org:taxname:12621, Id för taxonid.org: 7f8d81;;;;https://dyntaxa.se/taxon/2002139
1001617;56457;Talpa;Linnaeus, 1758;;Accepterat;Släkte;;;Animalia;Chordata;Mammalia;Eulipotyphla;Talpidae;;;;GUID: urn:lsid:faunaeur.org:taxname:305514, Id för taxonid.org: eba834;;;;https://dyntaxa.se/taxon/1001617
205980;56458;Talpa europaea;Linnaeus, 1758;mullvad;Accepterat;Art;Bofast och reproducerande;Spontan;Animalia;Chordata;Mammalia;Eulipotyphla;Talpidae;Talpa;;;GUID: urn:lsid:faunaeur.org:taxname:305516, Id för taxonid.org: f4fb6a;;;;https://dyntaxa.se/taxon/205980
3000534;56459;Perissodactyla;Owen, 1848;uddatåiga hovdjur;Accepterat;Ordning;;;Animalia;Chordata;Mammalia;;;;;;GUID: urn:lsid:faunaeur.org:taxname:54091, Id för taxonid.org: 9d7c54;;uddtåiga hovdjur;;https://dyntaxa.se/taxon/3000534
2003068;56460;Equidae;Gray, 1821;hästdjur;Accepterat;Familj;;;Animalia;Chordata;Mammalia;Perissodactyla;;;;;GUID: urn:lsid:faunaeur.org:taxname:54092, Id för taxonid.org: d8a873;;;;https://dyntaxa.se/taxon/2003068
1009404;56461;Equus;Linnaeus, 1758;;Accepterat;Släkte;;;Animalia;Chordata;Mammalia;Perissodactyla;Equidae;;;;GUID: urn:lsid:faunaeur.org:taxname:305547, Id för taxonid.org: b03e23;;;;https://dyntaxa.se/taxon/1009404
233622;56462;Equus asinus;Linnaeus, 1758;åsna;Accepterat;Art;Tillfällig, ej reproducerande;Aktivt införd, men ej bofast, före år 1800;Animalia;Chordata;Mammalia;Perissodactyla;Equidae;Equus;;;Id för taxonid.org: 9c95b7;;;;https://dyntaxa.se/taxon/233622
233623;56463;Equus caballus;Linnaeus, 1758;häst;Accepterat;Art;Tillfällig, ej reproducerande;Aktivt införd, men ej bofast, före år 1800;Animalia;Chordata;Mammalia;Perissodactyla;Equidae;Equus;;;GUID: urn:lsid:faunaeur.org:taxname:305549, Id för taxonid.org: c07803;;;;https://dyntaxa.se/taxon/233623
6001906;56464;Saknas (fladdermöss);;Saknas (fladdermöss);Accepterat;Pseudotaxon;;;Animalia;Chordata;Mammalia;;;;;;;;;;https://dyntaxa.se/taxon/6001906
6010509;56465;Erinaceomorpha;Gregory, 1910;;Ej accepterat;Ordning;;;Animalia;Chordata;Mammalia;;;;;;;;;;https://dyntaxa.se/taxon/6010509
3000298;56466;Insectivora;;insektsätare;Ej accepterat;Kollektivtaxon;;;Animalia;Chordata;Mammalia;;;;;;GUID: urn:lsid:faunaeur.org:taxname:12618;;;;https://dyntaxa.se/taxon/3000298
6010510;56467;Soricomorpha;Gregory, 1910;;Ej accepterat;Ordning;;;Animalia;Chordata;Mammalia;;;;;;;;;;https://dyntaxa.se/taxon/6010510
6053559;56468;Other Mammals;;övriga däggdjur;Accepterat;Pseudotaxon;;;Animalia;Chordata;Mammalia;;;;;;;;;;https://dyntaxa.se/taxon/6053559
6001905;56469;Saknas (däggdjur exkl. fladdermöss);;Saknas (däggdjur exkl. fladdermöss);Accepterat;Pseudotaxon;;;Animalia;Chordata;Mammalia;;;;;;;;;;https://dyntaxa.se/taxon/6001905
